EmployeeID,Month,Present,Absent,Leaves
1001,January,23,3,1
1001,February,26,3,3
1001,March,21,4,2
1001,April,20,1,3
1001,May,21,1,0
1001,June,22,0,3
1001,July,20,4,3
1001,August,20,2,2
1001,September,26,4,0
1001,October,20,1,1
1001,November,21,3,0
1001,December,24,0,0
1002,January,20,4,1
1002,February,23,3,3
1002,March,22,0,1
1002,April,23,2,2
1002,May,20,4,2
1002,June,26,0,2
1002,July,25,2,3
1002,August,22,4,0
1002,September,24,4,1
1002,October,26,1,0
1002,November,21,2,0
1002,December,20,4,3
1003,January,24,4,1
1003,February,24,2,2
1003,March,22,1,1
1003,April,24,0,0
1003,May,24,4,3
1003,June,23,3,0
1003,July,23,1,2
1003,August,22,3,2
1003,September,26,2,2
1003,October,20,1,2
1003,November,22,1,2
1003,December,25,1,2
1004,January,21,4,3
1004,February,21,0,0
1004,March,26,3,1
1004,April,25,1,0
1004,May,25,1,2
1004,June,22,3,2
1004,July,23,0,3
1004,August,21,3,1
1004,September,24,2,0
1004,October,24,0,0
1004,November,23,4,0
1004,December,22,2,2
1005,January,21,4,1
1005,February,20,3,3
1005,March,20,2,1
1005,April,21,2,1
1005,May,20,1,3
1005,June,21,2,0
1005,July,25,1,2
1005,August,21,1,3
1005,September,25,1,2
1005,October,22,0,0
1005,November,21,3,2
1005,December,20,4,0
1006,January,21,1,1
1006,February,25,4,3
1006,March,23,2,1
1006,April,26,1,0
1006,May,22,1,2
1006,June,20,4,3
1006,July,26,2,3
1006,August,23,2,2
1006,September,20,3,3
1006,October,22,2,3
1006,November,23,1,2
1006,December,22,1,2
1007,January,23,3,2
1007,February,26,4,0
1007,March,26,3,1
1007,April,20,2,0
1007,May,26,3,1
1007,June,22,4,0
1007,July,26,4,0
1007,August,22,1,0
1007,September,26,2,3
1007,October,25,1,2
1007,November,22,4,1
1007,December,22,2,1
1008,January,21,2,2
1008,February,21,3,0
1008,March,21,1,3
1008,April,26,2,1
1008,May,25,1,2
1008,June,24,4,1
1008,July,24,4,3
1008,August,24,3,3
1008,September,26,2,3
1008,October,21,2,1
1008,November,20,0,2
1008,December,25,3,2
1009,January,25,0,0
1009,February,23,1,1
1009,March,26,4,2
1009,April,20,0,0
1009,May,25,3,2
1009,June,21,2,2
1009,July,21,2,2
1009,August,21,1,0
1009,September,20,1,2
1009,October,26,0,1
1009,November,21,1,3
1009,December,25,2,2
1010,January,25,0,3
1010,February,25,4,0
1010,March,23,3,2
1010,April,23,4,1
1010,May,26,3,2
1010,June,23,2,0
1010,July,22,2,2
1010,August,22,3,2
1010,September,23,3,3
1010,October,26,0,2
1010,November,26,0,2
1010,December,25,1,2
1011,January,20,2,2
1011,February,24,4,3
1011,March,21,3,0
1011,April,24,4,3
1011,May,25,1,0
1011,June,20,0,0
1011,July,21,0,2
1011,August,26,1,0
1011,September,20,4,0
1011,October,24,3,2
1011,November,20,0,2
1011,December,22,4,2
1012,January,20,3,2
1012,February,20,0,0
1012,March,21,2,1
1012,April,22,4,1
1012,May,26,1,1
1012,June,26,1,3
1012,July,24,0,3
1012,August,20,3,2
1012,September,26,4,3
1012,October,22,0,0
1012,November,21,3,3
1012,December,25,0,3
1013,January,26,2,1
1013,February,22,0,3
1013,March,25,1,3
1013,April,21,4,0
1013,May,22,1,3
1013,June,23,4,0
1013,July,23,2,0
1013,August,23,3,3
1013,September,26,2,3
1013,October,21,0,3
1013,November,23,2,3
1013,December,25,3,3
1014,January,23,4,1
1014,February,26,1,2
1014,March,20,4,3
1014,April,24,3,3
1014,May,21,1,3
1014,June,26,3,3
1014,July,26,0,2
1014,August,21,2,2
1014,September,26,1,2
1014,October,25,2,0
1014,November,23,2,0
1014,December,23,4,1
1015,January,24,4,2
1015,February,24,3,2
1015,March,26,1,3
1015,April,23,4,0
1015,May,25,3,1
1015,June,21,4,2
1015,July,21,3,1
1015,August,23,0,2
1015,September,20,4,0
1015,October,20,4,3
1015,November,22,3,1
1015,December,22,4,1
1016,January,26,2,1
1016,February,24,3,0
1016,March,25,2,1
1016,April,25,4,3
1016,May,23,1,0
1016,June,22,2,1
1016,July,21,3,0
1016,August,20,2,2
1016,September,22,1,1
1016,October,25,3,2
1016,November,26,0,3
1016,December,26,2,1
1017,January,20,2,3
1017,February,26,1,0
1017,March,26,0,0
1017,April,21,2,2
1017,May,22,3,2
1017,June,22,1,1
1017,July,25,1,0
1017,August,26,4,2
1017,September,26,4,0
1017,October,21,2,3
1017,November,24,3,1
1017,December,24,1,2
1018,January,21,2,3
1018,February,21,3,0
1018,March,22,2,0
1018,April,24,1,0
1018,May,23,0,2
1018,June,25,2,1
1018,July,26,2,1
1018,August,24,2,0
1018,September,22,1,2
1018,October,26,0,0
1018,November,21,3,0
1018,December,26,0,3
1019,January,23,4,3
1019,February,22,2,1
1019,March,26,2,0
1019,April,25,1,0
1019,May,25,3,1
1019,June,26,2,0
1019,July,24,4,2
1019,August,22,1,0
1019,September,26,0,3
1019,October,25,3,3
1019,November,26,4,0
1019,December,24,4,1
1020,January,22,3,1
1020,February,21,4,0
1020,March,22,3,3
1020,April,24,0,0
1020,May,26,2,2
1020,June,24,4,2
1020,July,20,3,0
1020,August,22,2,1
1020,September,21,2,1
1020,October,23,0,3
1020,November,20,4,2
1020,December,25,2,1
1021,January,25,4,0
1021,February,22,1,0
1021,March,25,4,0
1021,April,20,4,3
1021,May,21,0,3
1021,June,20,1,2
1021,July,24,1,2
1021,August,21,3,2
1021,September,22,1,3
1021,October,24,3,1
1021,November,24,2,2
1021,December,22,2,1
1022,January,21,0,2
1022,February,21,1,3
1022,March,25,1,3
1022,April,22,4,0
1022,May,25,3,3
1022,June,26,1,2
1022,July,22,0,3
1022,August,22,4,3
1022,September,24,2,3
1022,October,24,4,2
1022,November,24,3,3
1022,December,21,4,2
1023,January,20,1,2
1023,February,25,2,2
1023,March,24,1,0
1023,April,20,4,0
1023,May,21,3,3
1023,June,23,4,3
1023,July,24,3,0
1023,August,21,0,0
1023,September,20,3,1
1023,October,22,4,3
1023,November,26,2,0
1023,December,20,3,1
1024,January,23,2,0
1024,February,22,2,1
1024,March,26,0,0
1024,April,21,4,1
1024,May,20,0,1
1024,June,25,1,3
1024,July,21,0,0
1024,August,22,4,1
1024,September,20,3,0
1024,October,25,1,2
1024,November,20,2,2
1024,December,20,1,0
1025,January,22,2,2
1025,February,21,4,1
1025,March,22,3,2
1025,April,21,4,3
1025,May,24,1,0
1025,June,24,2,3
1025,July,23,2,0
1025,August,24,3,1
1025,September,20,0,1
1025,October,23,2,3
1025,November,26,4,2
1025,December,23,2,0
1026,January,24,0,3
1026,February,22,4,3
1026,March,21,3,1
1026,April,20,4,2
1026,May,22,1,1
1026,June,23,4,0
1026,July,22,0,0
1026,August,23,4,1
1026,September,20,0,0
1026,October,23,0,1
1026,November,25,2,0
1026,December,23,2,0
1027,January,23,3,1
1027,February,23,0,1
1027,March,23,2,2
1027,April,20,4,3
1027,May,20,2,0
1027,June,22,3,1
1027,July,20,3,3
1027,August,20,4,0
1027,September,23,0,0
1027,October,21,1,3
1027,November,26,2,1
1027,December,20,2,0
1028,January,20,2,0
1028,February,25,1,1
1028,March,24,1,2
1028,April,22,3,0
1028,May,24,0,2
1028,June,23,2,2
1028,July,22,0,0
1028,August,21,0,0
1028,September,23,3,2
1028,October,20,3,0
1028,November,23,0,0
1028,December,24,3,1
1029,January,21,0,3
1029,February,21,1,2
1029,March,24,1,3
1029,April,23,0,2
1029,May,24,0,3
1029,June,26,2,1
1029,July,22,2,2
1029,August,20,0,3
1029,September,23,0,2
1029,October,20,2,2
1029,November,24,0,2
1029,December,24,4,3
1030,January,20,0,2
1030,February,26,3,3
1030,March,21,0,2
1030,April,24,3,3
1030,May,24,2,0
1030,June,21,0,3
1030,July,26,2,2
1030,August,21,0,0
1030,September,21,3,0
1030,October,20,3,1
1030,November,20,0,2
1030,December,20,1,2
1031,January,22,2,0
1031,February,21,3,0
1031,March,20,3,3
1031,April,25,3,3
1031,May,24,2,3
1031,June,25,1,0
1031,July,20,4,2
1031,August,21,3,2
1031,September,25,2,3
1031,October,22,3,2
1031,November,23,1,3
1031,December,21,0,2
1032,January,26,0,3
1032,February,24,2,1
1032,March,20,0,1
1032,April,26,3,0
1032,May,24,1,3
1032,June,25,4,0
1032,July,22,3,1
1032,August,21,2,3
1032,September,20,1,2
1032,October,24,3,3
1032,November,21,3,0
1032,December,20,2,3
1033,January,20,2,1
1033,February,23,2,1
1033,March,22,3,0
1033,April,23,3,0
1033,May,23,2,1
1033,June,24,0,2
1033,July,22,3,3
1033,August,25,0,2
1033,September,21,2,2
1033,October,22,0,0
1033,November,21,2,3
1033,December,21,3,0
1034,January,21,2,3
1034,February,26,0,1
1034,March,24,1,2
1034,April,23,4,0
1034,May,24,4,1
1034,June,20,3,3
1034,July,26,1,0
1034,August,26,1,2
1034,September,22,0,3
1034,October,25,0,0
1034,November,22,1,1
1034,December,23,1,3
1035,January,25,4,2
1035,February,20,3,0
1035,March,23,2,3
1035,April,22,3,2
1035,May,20,3,0
1035,June,22,3,2
1035,July,23,3,0
1035,August,26,2,2
1035,September,23,1,1
1035,October,20,3,1
1035,November,24,2,3
1035,December,22,1,3
1036,January,25,3,2
1036,February,25,2,1
1036,March,22,2,2
1036,April,22,0,3
1036,May,23,0,2
1036,June,25,0,1
1036,July,21,0,3
1036,August,22,0,0
1036,September,22,0,0
1036,October,26,4,3
1036,November,22,3,2
1036,December,23,4,0
1037,January,21,3,0
1037,February,21,4,1
1037,March,22,1,1
1037,April,23,2,3
1037,May,26,3,3
1037,June,21,2,1
1037,July,22,1,0
1037,August,24,0,0
1037,September,25,2,3
1037,October,21,1,0
1037,November,20,2,0
1037,December,21,4,1
1038,January,23,2,3
1038,February,20,2,1
1038,March,26,2,0
1038,April,21,1,2
1038,May,26,2,3
1038,June,26,2,2
1038,July,21,1,3
1038,August,24,3,1
1038,September,22,0,2
1038,October,20,2,3
1038,November,25,1,0
1038,December,25,3,1
1039,January,26,4,0
1039,February,25,3,0
1039,March,24,0,0
1039,April,24,4,0
1039,May,21,4,0
1039,June,21,4,3
1039,July,22,1,3
1039,August,21,3,0
1039,September,21,3,3
1039,October,23,0,3
1039,November,24,1,3
1039,December,21,4,3
1040,January,20,3,3
1040,February,21,3,0
1040,March,25,4,3
1040,April,26,3,3
1040,May,21,2,0
1040,June,25,1,0
1040,July,21,1,1
1040,August,26,1,3
1040,September,20,3,2
1040,October,23,3,3
1040,November,24,3,2
1040,December,24,3,0
1041,January,20,2,1
1041,February,25,4,2
1041,March,20,1,0
1041,April,23,0,3
1041,May,20,2,3
1041,June,22,2,0
1041,July,20,4,1
1041,August,26,1,3
1041,September,26,3,3
1041,October,25,2,0
1041,November,21,3,2
1041,December,22,4,1
1042,January,22,4,0
1042,February,21,2,0
1042,March,25,2,0
1042,April,26,0,3
1042,May,25,4,1
1042,June,25,0,3
1042,July,25,1,0
1042,August,22,4,0
1042,September,21,1,1
1042,October,21,1,3
1042,November,25,2,3
1042,December,21,2,1
1043,January,22,1,2
1043,February,26,3,1
1043,March,26,3,1
1043,April,21,4,0
1043,May,24,0,2
1043,June,26,3,0
1043,July,26,3,1
1043,August,20,3,2
1043,September,24,4,2
1043,October,23,0,3
1043,November,24,2,1
1043,December,26,0,0
1044,January,22,0,2
1044,February,23,2,0
1044,March,25,2,0
1044,April,22,2,1
1044,May,25,4,1
1044,June,20,2,2
1044,July,22,3,0
1044,August,25,3,1
1044,September,26,1,2
1044,October,22,3,3
1044,November,26,0,0
1044,December,23,3,2
1045,January,20,4,1
1045,February,26,2,2
1045,March,23,1,0
1045,April,21,3,1
1045,May,20,4,3
1045,June,23,2,1
1045,July,21,4,2
1045,August,21,3,2
1045,September,23,4,3
1045,October,25,0,3
1045,November,21,0,3
1045,December,25,2,2
1046,January,26,3,3
1046,February,20,3,1
1046,March,24,0,1
1046,April,21,1,1
1046,May,26,0,3
1046,June,21,3,1
1046,July,20,4,0
1046,August,20,4,1
1046,September,25,3,2
1046,October,26,4,0
1046,November,20,1,0
1046,December,25,4,0
1047,January,23,1,3
1047,February,23,2,2
1047,March,26,2,2
1047,April,24,0,0
1047,May,26,2,0
1047,June,21,1,1
1047,July,20,2,0
1047,August,25,4,1
1047,September,24,1,0
1047,October,22,0,1
1047,November,22,0,3
1047,December,20,4,0
1048,January,23,0,0
1048,February,23,0,1
1048,March,22,2,3
1048,April,26,1,2
1048,May,20,2,1
1048,June,26,4,3
1048,July,22,0,0
1048,August,24,2,1
1048,September,20,1,1
1048,October,21,0,3
1048,November,24,4,3
1048,December,21,0,0
1049,January,23,0,1
1049,February,25,2,1
1049,March,21,2,2
1049,April,26,1,2
1049,May,24,1,2
1049,June,25,1,0
1049,July,25,0,0
1049,August,24,0,0
1049,September,23,3,1
1049,October,20,0,3
1049,November,26,1,1
1049,December,26,2,2
1050,January,22,3,3
1050,February,22,1,2
1050,March,26,0,3
1050,April,23,0,0
1050,May,26,3,2
1050,June,25,2,3
1050,July,20,1,2
1050,August,22,4,0
1050,September,26,4,3
1050,October,21,1,3
1050,November,21,1,3
1050,December,26,4,2
1051,January,22,3,0
1051,February,20,3,1
1051,March,24,3,3
1051,April,22,1,2
1051,May,25,0,1
1051,June,20,4,1
1051,July,26,3,1
1051,August,24,2,2
1051,September,21,2,0
1051,October,20,2,0
1051,November,26,3,3
1051,December,25,0,1
1052,January,21,1,0
1052,February,20,1,0
1052,March,24,1,2
1052,April,25,2,2
1052,May,21,2,2
1052,June,26,1,3
1052,July,21,2,1
1052,August,25,2,2
1052,September,23,3,3
1052,October,22,4,2
1052,November,24,0,1
1052,December,26,0,1
1053,January,24,0,2
1053,February,24,3,0
1053,March,23,2,1
1053,April,20,3,0
1053,May,23,0,0
1053,June,21,2,0
1053,July,22,4,0
1053,August,25,1,3
1053,September,25,0,2
1053,October,25,2,1
1053,November,21,4,2
1053,December,22,0,3
1054,January,21,0,2
1054,February,22,2,0
1054,March,20,0,3
1054,April,24,3,0
1054,May,21,2,2
1054,June,26,3,2
1054,July,20,3,3
1054,August,22,2,2
1054,September,23,1,1
1054,October,26,0,3
1054,November,24,2,3
1054,December,21,1,2
1055,January,25,2,3
1055,February,26,1,2
1055,March,22,3,0
1055,April,20,3,1
1055,May,23,1,0
1055,June,26,4,0
1055,July,26,4,3
1055,August,25,0,1
1055,September,20,2,1
1055,October,26,2,0
1055,November,20,2,0
1055,December,20,3,0
1056,January,26,0,0
1056,February,24,1,3
1056,March,24,0,1
1056,April,25,0,0
1056,May,21,0,2
1056,June,23,2,2
1056,July,24,1,1
1056,August,23,0,1
1056,September,22,3,2
1056,October,25,3,3
1056,November,20,4,2
1056,December,26,2,0
1057,January,25,2,0
1057,February,26,3,3
1057,March,24,2,1
1057,April,25,1,2
1057,May,25,1,2
1057,June,22,2,0
1057,July,20,0,0
1057,August,26,1,1
1057,September,26,0,2
1057,October,20,2,1
1057,November,24,3,2
1057,December,20,4,0
1058,January,22,3,2
1058,February,20,3,2
1058,March,20,0,3
1058,April,23,4,2
1058,May,23,2,1
1058,June,26,0,2
1058,July,23,0,2
1058,August,23,3,2
1058,September,25,1,2
1058,October,25,1,3
1058,November,26,1,3
1058,December,26,1,2
1059,January,21,3,0
1059,February,24,3,2
1059,March,20,2,1
1059,April,22,3,0
1059,May,24,3,0
1059,June,25,4,0
1059,July,24,3,0
1059,August,24,0,2
1059,September,24,2,1
1059,October,20,3,1
1059,November,21,0,1
1059,December,21,4,0
1060,January,23,2,3
1060,February,23,1,1
1060,March,23,1,2
1060,April,23,4,0
1060,May,25,3,2
1060,June,21,1,2
1060,July,23,0,0
1060,August,23,4,0
1060,September,24,0,0
1060,October,22,4,3
1060,November,23,3,0
1060,December,20,3,3
1061,January,25,4,2
1061,February,26,2,0
1061,March,24,3,2
1061,April,20,4,2
1061,May,21,0,0
1061,June,23,1,3
1061,July,25,3,1
1061,August,20,0,1
1061,September,25,0,3
1061,October,23,2,2
1061,November,23,2,2
1061,December,21,3,1
1062,January,20,1,1
1062,February,25,4,0
1062,March,22,4,3
1062,April,25,0,2
1062,May,26,4,1
1062,June,21,2,0
1062,July,23,4,0
1062,August,22,2,2
1062,September,21,0,1
1062,October,25,2,1
1062,November,23,4,2
1062,December,21,4,2
1063,January,22,2,3
1063,February,26,3,3
1063,March,24,1,1
1063,April,23,3,0
1063,May,26,3,2
1063,June,24,1,1
1063,July,21,0,0
1063,August,21,0,2
1063,September,22,2,0
1063,October,26,4,2
1063,November,25,0,3
1063,December,24,0,1
1064,January,26,1,3
1064,February,21,2,0
1064,March,20,0,2
1064,April,21,4,3
1064,May,21,2,2
1064,June,24,3,2
1064,July,24,0,3
1064,August,24,4,2
1064,September,26,4,0
1064,October,26,2,2
1064,November,22,4,1
1064,December,22,2,1
1065,January,24,2,3
1065,February,24,2,3
1065,March,23,0,3
1065,April,23,3,1
1065,May,20,4,2
1065,June,25,4,3
1065,July,24,2,0
1065,August,22,0,3
1065,September,24,0,3
1065,October,20,1,1
1065,November,26,4,2
1065,December,22,4,3
1066,January,25,4,1
1066,February,23,0,1
1066,March,24,0,1
1066,April,26,3,0
1066,May,24,2,1
1066,June,21,4,1
1066,July,24,3,2
1066,August,22,3,2
1066,September,20,4,2
1066,October,20,2,1
1066,November,25,4,2
1066,December,24,1,3
1067,January,25,3,0
1067,February,26,0,1
1067,March,26,1,2
1067,April,23,3,2
1067,May,24,4,3
1067,June,22,2,3
1067,July,20,1,2
1067,August,25,3,0
1067,September,23,2,3
1067,October,25,3,2
1067,November,23,2,2
1067,December,21,1,0
1068,January,21,1,3
1068,February,22,4,0
1068,March,23,0,2
1068,April,24,4,3
1068,May,20,4,0
1068,June,23,0,3
1068,July,25,4,2
1068,August,20,3,1
1068,September,20,2,0
1068,October,24,4,3
1068,November,24,3,3
1068,December,20,1,3
1069,January,22,2,3
1069,February,21,3,2
1069,March,23,1,2
1069,April,21,1,0
1069,May,26,2,0
1069,June,25,3,1
1069,July,25,2,3
1069,August,20,2,3
1069,September,25,0,0
1069,October,23,1,0
1069,November,23,2,2
1069,December,20,2,2
1070,January,24,1,0
1070,February,26,2,3
1070,March,24,0,2
1070,April,22,3,2
1070,May,23,2,1
1070,June,26,1,3
1070,July,25,1,0
1070,August,20,2,0
1070,September,20,3,1
1070,October,23,4,1
1070,November,25,4,2
1070,December,26,2,1
1071,January,23,0,1
1071,February,25,3,2
1071,March,25,1,2
1071,April,23,1,1
1071,May,26,2,2
1071,June,21,3,3
1071,July,25,1,2
1071,August,20,1,1
1071,September,20,3,0
1071,October,24,4,2
1071,November,24,0,1
1071,December,23,4,3
1072,January,25,4,0
1072,February,20,2,3
1072,March,24,0,3
1072,April,21,2,1
1072,May,25,2,0
1072,June,24,1,3
1072,July,21,2,2
1072,August,21,2,0
1072,September,22,1,1
1072,October,20,4,1
1072,November,26,1,3
1072,December,22,3,3
1073,January,22,1,3
1073,February,25,3,0
1073,March,26,0,0
1073,April,25,1,3
1073,May,23,1,3
1073,June,21,0,3
1073,July,20,0,0
1073,August,20,4,1
1073,September,24,2,2
1073,October,25,0,2
1073,November,20,2,1
1073,December,26,3,0
1074,January,20,4,2
1074,February,23,0,3
1074,March,24,0,3
1074,April,22,3,3
1074,May,23,4,3
1074,June,20,3,3
1074,July,25,0,1
1074,August,26,1,1
1074,September,25,0,2
1074,October,21,3,3
1074,November,25,3,1
1074,December,24,2,0
1075,January,26,3,3
1075,February,24,2,1
1075,March,25,4,2
1075,April,21,0,3
1075,May,24,4,0
1075,June,23,3,0
1075,July,25,1,0
1075,August,23,2,3
1075,September,20,3,0
1075,October,22,0,0
1075,November,22,2,2
1075,December,22,0,2
1076,January,22,2,0
1076,February,22,0,1
1076,March,23,1,0
1076,April,21,2,2
1076,May,25,1,0
1076,June,22,0,2
1076,July,24,1,0
1076,August,22,2,1
1076,September,20,3,1
1076,October,24,1,1
1076,November,21,2,2
1076,December,21,3,2
1077,January,23,1,3
1077,February,23,3,0
1077,March,20,2,2
1077,April,21,1,0
1077,May,22,1,2
1077,June,26,4,2
1077,July,22,0,2
1077,August,23,2,1
1077,September,24,2,0
1077,October,22,0,3
1077,November,24,2,0
1077,December,21,1,0
1078,January,25,3,1
1078,February,26,3,1
1078,March,23,2,3
1078,April,25,4,2
1078,May,26,0,0
1078,June,20,3,1
1078,July,20,0,1
1078,August,24,0,0
1078,September,22,2,0
1078,October,26,2,1
1078,November,25,4,3
1078,December,22,0,0
1079,January,23,3,3
1079,February,21,1,1
1079,March,22,1,1
1079,April,26,2,0
1079,May,21,4,1
1079,June,23,1,2
1079,July,21,2,0
1079,August,25,3,1
1079,September,26,1,1
1079,October,21,1,3
1079,November,22,1,0
1079,December,25,3,0
1080,January,20,3,0
1080,February,24,1,3
1080,March,26,3,2
1080,April,25,2,3
1080,May,25,3,0
1080,June,22,2,1
1080,July,20,3,2
1080,August,23,1,2
1080,September,20,3,2
1080,October,21,3,1
1080,November,21,4,2
1080,December,21,2,3
1081,January,21,2,2
1081,February,23,4,3
1081,March,21,0,2
1081,April,20,4,2
1081,May,24,0,3
1081,June,22,4,1
1081,July,22,3,2
1081,August,24,2,1
1081,September,22,3,2
1081,October,21,3,0
1081,November,21,1,1
1081,December,20,4,2
1082,January,22,1,2
1082,February,24,1,1
1082,March,20,0,2
1082,April,24,2,3
1082,May,21,1,2
1082,June,21,1,3
1082,July,26,0,1
1082,August,21,1,2
1082,September,22,3,3
1082,October,25,3,1
1082,November,25,3,1
1082,December,20,0,0
1083,January,20,3,0
1083,February,23,2,3
1083,March,21,1,1
1083,April,23,0,3
1083,May,25,1,1
1083,June,22,4,2
1083,July,23,3,3
1083,August,25,3,0
1083,September,22,4,3
1083,October,26,1,0
1083,November,23,3,3
1083,December,20,3,3
1084,January,23,0,3
1084,February,20,4,3
1084,March,20,0,2
1084,April,21,3,0
1084,May,26,3,1
1084,June,23,3,2
1084,July,26,3,0
1084,August,23,1,2
1084,September,25,1,2
1084,October,26,1,1
1084,November,20,0,3
1084,December,21,0,0
1085,January,25,4,1
1085,February,25,1,0
1085,March,24,1,1
1085,April,22,2,3
1085,May,23,3,2
1085,June,21,2,2
1085,July,25,1,1
1085,August,22,0,1
1085,September,24,4,1
1085,October,26,1,1
1085,November,25,4,2
1085,December,24,3,3
1086,January,22,0,3
1086,February,21,2,1
1086,March,21,3,2
1086,April,23,2,2
1086,May,24,4,3
1086,June,20,2,1
1086,July,23,0,0
1086,August,20,2,3
1086,September,20,3,2
1086,October,24,3,2
1086,November,24,4,1
1086,December,25,4,1
1087,January,26,4,3
1087,February,26,0,3
1087,March,20,3,3
1087,April,24,3,2
1087,May,20,0,3
1087,June,21,3,0
1087,July,24,0,3
1087,August,22,1,3
1087,September,20,0,1
1087,October,20,2,1
1087,November,23,2,3
1087,December,20,0,2
1088,January,21,2,1
1088,February,23,0,3
1088,March,21,3,3
1088,April,26,0,3
1088,May,20,2,2
1088,June,21,0,3
1088,July,24,2,2
1088,August,21,2,1
1088,September,25,4,0
1088,October,25,1,1
1088,November,22,0,3
1088,December,26,4,0
1089,January,24,3,0
1089,February,24,1,0
1089,March,24,0,1
1089,April,24,0,0
1089,May,21,1,2
1089,June,22,2,0
1089,July,20,4,2
1089,August,22,2,0
1089,September,23,0,3
1089,October,25,0,1
1089,November,25,0,1
1089,December,20,4,2
1090,January,25,3,1
1090,February,26,3,1
1090,March,20,2,3
1090,April,25,1,2
1090,May,21,2,3
1090,June,24,4,2
1090,July,25,4,1
1090,August,25,3,2
1090,September,21,2,3
1090,October,26,1,2
1090,November,22,0,0
1090,December,24,1,2
1091,January,25,2,2
1091,February,24,1,0
1091,March,26,3,1
1091,April,21,0,1
1091,May,25,2,1
1091,June,23,4,2
1091,July,25,3,2
1091,August,24,3,1
1091,September,25,3,0
1091,October,23,4,3
1091,November,25,2,3
1091,December,25,1,0
1092,January,23,2,1
1092,February,21,2,1
1092,March,21,1,3
1092,April,22,3,1
1092,May,24,0,3
1092,June,20,4,3
1092,July,20,2,1
1092,August,21,2,1
1092,September,20,1,0
1092,October,25,2,3
1092,November,22,0,3
1092,December,25,1,1
1093,January,22,1,2
1093,February,25,2,2
1093,March,20,3,1
1093,April,25,3,2
1093,May,25,4,2
1093,June,26,2,2
1093,July,21,2,1
1093,August,24,1,0
1093,September,23,3,3
1093,October,21,1,3
1093,November,20,2,2
1093,December,24,4,3
1094,January,26,1,2
1094,February,22,2,3
1094,March,21,4,1
1094,April,20,3,3
1094,May,21,1,0
1094,June,22,0,1
1094,July,25,3,1
1094,August,23,2,2
1094,September,23,1,3
1094,October,20,2,2
1094,November,25,0,3
1094,December,20,2,2
1095,January,24,0,2
1095,February,22,2,2
1095,March,20,4,1
1095,April,26,0,0
1095,May,26,2,3
1095,June,23,3,1
1095,July,21,3,1
1095,August,26,2,1
1095,September,21,1,3
1095,October,21,0,3
1095,November,22,4,1
1095,December,25,4,3
1096,January,26,2,1
1096,February,20,0,3
1096,March,20,1,3
1096,April,23,2,2
1096,May,26,3,1
1096,June,25,0,3
1096,July,22,3,2
1096,August,21,1,0
1096,September,25,3,1
1096,October,26,1,2
1096,November,25,2,3
1096,December,24,4,1
1097,January,21,3,1
1097,February,22,2,0
1097,March,25,4,2
1097,April,23,0,3
1097,May,22,1,0
1097,June,23,2,1
1097,July,25,4,1
1097,August,25,3,3
1097,September,25,3,1
1097,October,22,1,0
1097,November,20,2,1
1097,December,21,4,1
1098,January,26,2,2
1098,February,25,1,0
1098,March,21,4,1
1098,April,26,1,2
1098,May,20,3,3
1098,June,24,1,3
1098,July,26,0,2
1098,August,22,2,0
1098,September,25,1,3
1098,October,24,3,0
1098,November,21,3,3
1098,December,20,4,1
1099,January,20,3,0
1099,February,26,3,1
1099,March,26,2,1
1099,April,23,4,3
1099,May,24,1,0
1099,June,20,1,0
1099,July,23,1,0
1099,August,24,3,0
1099,September,26,2,2
1099,October,22,2,2
1099,November,22,4,2
1099,December,25,2,0
1100,January,26,2,0
1100,February,22,2,1
1100,March,21,0,0
1100,April,21,3,2
1100,May,21,3,3
1100,June,22,1,3
1100,July,22,1,2
1100,August,21,1,0
1100,September,21,1,1
1100,October,20,2,2
1100,November,21,3,0
1100,December,20,2,0
1101,January,22,4,1
1101,February,20,1,1
1101,March,24,3,0
1101,April,23,3,2
1101,May,26,0,1
1101,June,24,0,3
1101,July,23,1,3
1101,August,26,3,2
1101,September,23,0,0
1101,October,23,2,0
1101,November,21,4,1
1101,December,25,3,1
1102,January,21,2,1
1102,February,20,1,2
1102,March,26,4,1
1102,April,22,3,0
1102,May,24,3,3
1102,June,23,4,2
1102,July,26,2,3
1102,August,26,0,2
1102,September,22,3,0
1102,October,26,2,2
1102,November,21,3,0
1102,December,21,1,2
1103,January,21,3,0
1103,February,23,0,0
1103,March,26,1,2
1103,April,25,0,0
1103,May,21,2,1
1103,June,26,1,2
1103,July,20,2,0
1103,August,21,4,1
1103,September,25,3,3
1103,October,21,2,3
1103,November,20,0,3
1103,December,26,3,0
1104,January,20,2,1
1104,February,22,4,1
1104,March,20,4,1
1104,April,23,1,0
1104,May,22,2,2
1104,June,22,2,1
1104,July,23,2,0
1104,August,24,2,0
1104,September,26,4,1
1104,October,25,0,2
1104,November,24,4,0
1104,December,22,1,3
1105,January,21,1,1
1105,February,20,0,3
1105,March,25,4,2
1105,April,24,4,2
1105,May,25,2,2
1105,June,25,4,1
1105,July,22,3,2
1105,August,26,1,0
1105,September,24,0,1
1105,October,20,3,0
1105,November,21,0,0
1105,December,23,2,3
1106,January,22,0,2
1106,February,22,1,3
1106,March,20,0,2
1106,April,24,1,2
1106,May,21,1,2
1106,June,20,2,1
1106,July,25,3,0
1106,August,25,2,2
1106,September,22,3,3
1106,October,20,0,1
1106,November,25,4,1
1106,December,24,4,1
1107,January,23,2,1
1107,February,25,2,1
1107,March,20,4,3
1107,April,21,1,0
1107,May,22,0,1
1107,June,21,0,0
1107,July,26,3,3
1107,August,21,2,3
1107,September,22,2,3
1107,October,26,2,1
1107,November,23,4,3
1107,December,26,2,0
1108,January,22,3,0
1108,February,24,4,1
1108,March,24,3,3
1108,April,26,1,3
1108,May,22,2,1
1108,June,22,2,3
1108,July,23,3,1
1108,August,20,4,2
1108,September,26,1,0
1108,October,22,1,0
1108,November,24,3,2
1108,December,22,1,3
1109,January,23,0,2
1109,February,24,2,1
1109,March,22,3,3
1109,April,20,2,1
1109,May,24,3,3
1109,June,21,3,0
1109,July,24,1,3
1109,August,25,1,2
1109,September,21,2,1
1109,October,26,2,2
1109,November,22,3,1
1109,December,22,3,0
1110,January,21,3,2
1110,February,22,1,2
1110,March,26,0,0
1110,April,20,0,0
1110,May,26,0,0
1110,June,26,1,0
1110,July,23,2,0
1110,August,26,0,3
1110,September,20,0,2
1110,October,20,3,1
1110,November,25,1,3
1110,December,26,2,0
1111,January,21,0,3
1111,February,24,2,3
1111,March,20,1,2
1111,April,24,4,3
1111,May,25,0,0
1111,June,21,3,1
1111,July,26,3,0
1111,August,23,1,1
1111,September,26,4,1
1111,October,24,3,2
1111,November,23,3,2
1111,December,23,1,3
1112,January,24,1,0
1112,February,22,3,1
1112,March,22,1,2
1112,April,22,4,1
1112,May,23,0,2
1112,June,23,1,3
1112,July,20,4,0
1112,August,21,1,1
1112,September,26,2,0
1112,October,24,4,1
1112,November,26,4,2
1112,December,26,1,3
1113,January,25,1,2
1113,February,24,1,2
1113,March,23,0,2
1113,April,24,0,3
1113,May,23,3,1
1113,June,20,0,0
1113,July,20,2,1
1113,August,23,1,3
1113,September,21,2,3
1113,October,24,4,2
1113,November,25,2,3
1113,December,21,4,3
1114,January,24,1,3
1114,February,24,0,0
1114,March,20,0,1
1114,April,26,4,2
1114,May,26,0,0
1114,June,23,3,1
1114,July,23,0,1
1114,August,21,3,3
1114,September,24,3,1
1114,October,24,2,0
1114,November,24,0,2
1114,December,21,2,3
1115,January,21,4,2
1115,February,25,4,2
1115,March,23,0,3
1115,April,26,3,1
1115,May,21,1,0
1115,June,22,3,3
1115,July,22,1,2
1115,August,26,2,2
1115,September,22,0,2
1115,October,22,2,0
1115,November,25,3,0
1115,December,26,1,0
1116,January,25,3,1
1116,February,24,4,0
1116,March,23,1,0
1116,April,21,3,0
1116,May,26,4,3
1116,June,22,0,2
1116,July,23,4,0
1116,August,20,0,2
1116,September,21,3,1
1116,October,24,0,1
1116,November,22,3,0
1116,December,23,1,0
1117,January,20,4,0
1117,February,20,0,2
1117,March,25,3,3
1117,April,24,3,2
1117,May,24,3,2
1117,June,25,3,2
1117,July,20,0,0
1117,August,24,3,2
1117,September,21,1,0
1117,October,25,3,2
1117,November,23,1,2
1117,December,22,0,3
1118,January,22,2,3
1118,February,20,4,3
1118,March,20,3,3
1118,April,23,4,0
1118,May,20,0,3
1118,June,26,3,2
1118,July,25,0,0
1118,August,21,4,0
1118,September,24,3,1
1118,October,24,4,1
1118,November,22,3,1
1118,December,21,1,3
1119,January,23,3,1
1119,February,22,1,1
1119,March,20,2,3
1119,April,20,3,0
1119,May,23,2,1
1119,June,20,2,3
1119,July,20,3,2
1119,August,21,2,1
1119,September,24,3,3
1119,October,20,1,2
1119,November,22,0,3
1119,December,26,2,1
1120,January,22,1,1
1120,February,22,1,2
1120,March,26,2,1
1120,April,20,1,2
1120,May,22,2,3
1120,June,25,4,1
1120,July,25,0,0
1120,August,25,2,0
1120,September,22,4,1
1120,October,23,2,0
1120,November,25,1,2
1120,December,21,4,0
1121,January,22,2,0
1121,February,24,1,1
1121,March,23,0,0
1121,April,21,0,1
1121,May,26,2,1
1121,June,22,0,3
1121,July,22,2,2
1121,August,23,1,2
1121,September,24,4,3
1121,October,25,3,2
1121,November,24,0,2
1121,December,22,1,2
1122,January,26,2,3
1122,February,23,2,0
1122,March,25,3,1
1122,April,25,3,0
1122,May,22,2,3
1122,June,22,2,1
1122,July,21,4,2
1122,August,26,1,3
1122,September,20,3,2
1122,October,24,1,2
1122,November,24,0,1
1122,December,25,3,2
1123,January,25,0,0
1123,February,21,2,0
1123,March,23,3,2
1123,April,21,3,1
1123,May,23,3,3
1123,June,20,3,1
1123,July,21,0,2
1123,August,24,3,0
1123,September,25,4,2
1123,October,24,4,3
1123,November,21,1,0
1123,December,23,3,2
1124,January,22,3,1
1124,February,26,3,0
1124,March,26,1,3
1124,April,21,1,3
1124,May,21,1,1
1124,June,26,4,1
1124,July,22,2,1
1124,August,26,2,2
1124,September,22,4,2
1124,October,25,0,0
1124,November,20,4,1
1124,December,22,4,0
1125,January,20,1,1
1125,February,20,3,0
1125,March,21,3,0
1125,April,24,4,0
1125,May,24,3,2
1125,June,20,0,3
1125,July,25,0,2
1125,August,20,1,0
1125,September,23,1,2
1125,October,22,1,2
1125,November,26,4,3
1125,December,21,1,2
1126,January,25,3,2
1126,February,20,1,1
1126,March,26,4,0
1126,April,20,4,3
1126,May,26,0,2
1126,June,26,2,0
1126,July,25,4,2
1126,August,20,2,1
1126,September,26,1,0
1126,October,24,0,1
1126,November,22,1,0
1126,December,26,0,3
1127,January,25,4,2
1127,February,22,2,0
1127,March,25,2,2
1127,April,22,1,0
1127,May,26,2,1
1127,June,22,0,1
1127,July,22,0,1
1127,August,21,4,0
1127,September,24,1,2
1127,October,25,3,2
1127,November,25,2,2
1127,December,23,1,2
1128,January,22,4,3
1128,February,25,4,1
1128,March,24,3,3
1128,April,24,1,0
1128,May,20,4,0
1128,June,23,1,3
1128,July,21,3,1
1128,August,24,4,1
1128,September,22,4,0
1128,October,21,0,1
1128,November,20,4,1
1128,December,23,1,3
1129,January,26,2,1
1129,February,24,3,0
1129,March,21,1,0
1129,April,24,3,3
1129,May,26,0,0
1129,June,26,4,2
1129,July,25,3,3
1129,August,25,1,1
1129,September,23,1,1
1129,October,21,3,1
1129,November,25,1,3
1129,December,26,0,0
1130,January,25,0,0
1130,February,20,0,3
1130,March,22,4,2
1130,April,22,4,0
1130,May,25,1,0
1130,June,25,0,1
1130,July,26,1,0
1130,August,23,4,1
1130,September,24,3,0
1130,October,21,2,0
1130,November,22,2,2
1130,December,23,1,0
1131,January,20,4,2
1131,February,25,4,1
1131,March,22,3,0
1131,April,21,4,1
1131,May,22,2,2
1131,June,23,4,3
1131,July,20,1,1
1131,August,26,1,3
1131,September,22,1,2
1131,October,20,1,1
1131,November,21,1,1
1131,December,20,3,1
1132,January,26,2,0
1132,February,26,3,1
1132,March,21,4,2
1132,April,21,2,3
1132,May,22,0,3
1132,June,20,0,0
1132,July,21,3,0
1132,August,23,1,2
1132,September,24,3,0
1132,October,26,0,0
1132,November,23,2,2
1132,December,23,2,1
1133,January,24,0,3
1133,February,26,4,2
1133,March,25,2,3
1133,April,25,3,3
1133,May,24,2,3
1133,June,23,1,3
1133,July,21,1,1
1133,August,23,3,1
1133,September,20,4,2
1133,October,23,2,0
1133,November,22,3,0
1133,December,22,3,3
1134,January,23,4,0
1134,February,20,4,0
1134,March,20,4,2
1134,April,23,0,3
1134,May,22,2,0
1134,June,26,3,0
1134,July,26,0,3
1134,August,24,1,3
1134,September,25,3,1
1134,October,25,4,2
1134,November,21,1,1
1134,December,23,4,0
1135,January,23,3,1
1135,February,24,4,2
1135,March,23,2,2
1135,April,20,3,2
1135,May,26,0,3
1135,June,26,3,2
1135,July,20,1,0
1135,August,25,4,3
1135,September,24,3,3
1135,October,24,2,2
1135,November,25,0,3
1135,December,21,1,1
1136,January,23,3,3
1136,February,26,1,2
1136,March,23,1,1
1136,April,24,3,1
1136,May,22,0,0
1136,June,21,2,0
1136,July,21,3,2
1136,August,23,0,1
1136,September,20,3,3
1136,October,21,3,2
1136,November,22,1,3
1136,December,23,3,1
1137,January,25,1,3
1137,February,23,0,3
1137,March,21,1,1
1137,April,22,4,0
1137,May,22,2,2
1137,June,25,3,1
1137,July,25,4,2
1137,August,24,1,1
1137,September,21,2,1
1137,October,23,1,0
1137,November,20,0,0
1137,December,25,4,2
1138,January,21,2,2
1138,February,20,0,2
1138,March,26,3,0
1138,April,23,4,1
1138,May,24,3,0
1138,June,20,4,3
1138,July,20,4,3
1138,August,24,4,3
1138,September,26,0,2
1138,October,20,0,0
1138,November,21,0,0
1138,December,23,4,3
1139,January,23,2,1
1139,February,26,1,2
1139,March,21,2,0
1139,April,23,0,3
1139,May,25,3,1
1139,June,26,0,3
1139,July,23,2,0
1139,August,25,0,0
1139,September,21,4,3
1139,October,21,0,1
1139,November,25,1,3
1139,December,22,4,3
1140,January,21,3,3
1140,February,25,0,3
1140,March,26,3,1
1140,April,22,2,2
1140,May,26,0,0
1140,June,22,0,3
1140,July,23,0,2
1140,August,25,3,2
1140,September,24,4,1
1140,October,26,4,0
1140,November,23,1,0
1140,December,24,0,3
1141,January,24,2,2
1141,February,21,0,3
1141,March,26,1,0
1141,April,23,0,2
1141,May,23,4,2
1141,June,20,2,3
1141,July,22,3,2
1141,August,26,0,0
1141,September,25,3,3
1141,October,21,4,0
1141,November,20,2,2
1141,December,25,1,2
1142,January,22,2,2
1142,February,23,2,2
1142,March,24,3,0
1142,April,21,0,2
1142,May,24,1,1
1142,June,21,1,3
1142,July,23,4,1
1142,August,26,2,2
1142,September,26,3,3
1142,October,26,4,2
1142,November,20,3,2
1142,December,21,1,2
1143,January,26,0,3
1143,February,24,0,1
1143,March,20,0,3
1143,April,26,2,0
1143,May,26,4,3
1143,June,23,3,0
1143,July,26,4,0
1143,August,23,3,2
1143,September,21,2,3
1143,October,25,1,0
1143,November,22,2,0
1143,December,20,1,2
1144,January,20,0,3
1144,February,20,0,0
1144,March,24,2,2
1144,April,22,0,2
1144,May,21,3,1
1144,June,25,4,0
1144,July,23,1,2
1144,August,23,4,2
1144,September,20,3,1
1144,October,20,2,2
1144,November,26,0,1
1144,December,21,1,0
1145,January,26,0,2
1145,February,22,3,3
1145,March,22,2,2
1145,April,22,4,2
1145,May,24,2,1
1145,June,24,3,1
1145,July,20,2,1
1145,August,22,1,3
1145,September,24,0,0
1145,October,21,4,2
1145,November,25,4,2
1145,December,23,3,3
1146,January,21,1,1
1146,February,21,3,3
1146,March,24,4,1
1146,April,20,0,1
1146,May,20,0,3
1146,June,20,4,2
1146,July,25,1,1
1146,August,25,4,0
1146,September,20,4,2
1146,October,22,0,2
1146,November,26,0,3
1146,December,21,3,0
1147,January,20,0,0
1147,February,21,2,1
1147,March,22,4,2
1147,April,23,1,1
1147,May,25,3,2
1147,June,25,1,0
1147,July,21,2,1
1147,August,21,2,1
1147,September,21,3,2
1147,October,20,4,0
1147,November,20,1,0
1147,December,26,2,0
1148,January,20,4,3
1148,February,20,2,1
1148,March,21,4,2
1148,April,22,0,0
1148,May,25,2,1
1148,June,25,4,1
1148,July,23,4,2
1148,August,22,4,2
1148,September,24,2,0
1148,October,21,2,1
1148,November,21,1,0
1148,December,20,4,1
1149,January,23,1,1
1149,February,20,2,0
1149,March,20,3,3
1149,April,26,0,0
1149,May,25,2,0
1149,June,21,4,2
1149,July,20,1,3
1149,August,22,0,0
1149,September,21,4,2
1149,October,24,2,2
1149,November,26,2,1
1149,December,23,2,3
1150,January,26,3,1
1150,February,26,3,1
1150,March,23,2,2
1150,April,20,3,2
1150,May,21,2,0
1150,June,22,3,1
1150,July,22,3,1
1150,August,21,1,0
1150,September,22,1,3
1150,October,22,4,1
1150,November,26,0,3
1150,December,20,0,3
1151,January,20,2,1
1151,February,22,0,3
1151,March,22,4,2
1151,April,20,1,0
1151,May,25,1,3
1151,June,26,1,3
1151,July,23,4,3
1151,August,25,1,3
1151,September,24,0,1
1151,October,25,2,0
1151,November,24,2,2
1151,December,21,0,3
1152,January,21,4,1
1152,February,25,2,3
1152,March,20,0,1
1152,April,24,4,2
1152,May,22,0,0
1152,June,23,3,3
1152,July,23,0,2
1152,August,25,4,1
1152,September,24,0,0
1152,October,20,3,2
1152,November,21,0,0
1152,December,24,0,2
1153,January,22,1,1
1153,February,24,4,0
1153,March,26,4,3
1153,April,26,0,2
1153,May,20,2,1
1153,June,26,1,3
1153,July,22,2,3
1153,August,21,0,1
1153,September,20,2,3
1153,October,20,0,0
1153,November,21,1,0
1153,December,23,2,2
1154,January,26,0,0
1154,February,23,1,3
1154,March,23,2,3
1154,April,23,0,1
1154,May,22,3,3
1154,June,25,4,3
1154,July,21,0,3
1154,August,22,4,3
1154,September,23,4,0
1154,October,20,1,3
1154,November,26,2,1
1154,December,22,1,0
1155,January,21,2,3
1155,February,24,2,0
1155,March,22,1,1
1155,April,26,2,0
1155,May,23,4,2
1155,June,23,4,3
1155,July,23,1,1
1155,August,26,1,2
1155,September,22,3,1
1155,October,22,4,3
1155,November,25,0,2
1155,December,22,1,1
1156,January,26,4,2
1156,February,25,0,2
1156,March,24,3,1
1156,April,21,1,2
1156,May,26,4,1
1156,June,24,2,0
1156,July,23,4,1
1156,August,20,0,2
1156,September,23,1,3
1156,October,23,4,0
1156,November,25,3,3
1156,December,23,1,1
1157,January,21,1,0
1157,February,21,2,1
1157,March,24,4,1
1157,April,26,3,1
1157,May,23,2,1
1157,June,20,2,0
1157,July,22,0,1
1157,August,22,2,1
1157,September,24,1,2
1157,October,23,4,3
1157,November,21,4,1
1157,December,25,3,0
1158,January,23,4,3
1158,February,21,3,0
1158,March,22,2,3
1158,April,20,4,3
1158,May,23,0,1
1158,June,25,3,1
1158,July,24,3,1
1158,August,25,0,0
1158,September,22,3,0
1158,October,26,4,2
1158,November,21,0,2
1158,December,24,3,2
1159,January,24,1,2
1159,February,25,0,1
1159,March,22,3,1
1159,April,23,0,2
1159,May,22,3,2
1159,June,24,0,1
1159,July,25,3,3
1159,August,23,1,3
1159,September,25,1,2
1159,October,25,0,2
1159,November,22,0,1
1159,December,22,2,3
1160,January,20,4,0
1160,February,25,4,3
1160,March,26,2,3
1160,April,21,0,2
1160,May,20,3,0
1160,June,26,2,0
1160,July,24,3,1
1160,August,23,0,3
1160,September,20,0,0
1160,October,25,3,0
1160,November,24,4,0
1160,December,25,4,3
1161,January,22,1,2
1161,February,24,4,3
1161,March,25,0,0
1161,April,24,3,1
1161,May,24,1,2
1161,June,26,1,1
1161,July,20,3,2
1161,August,20,0,1
1161,September,22,3,0
1161,October,20,0,1
1161,November,21,0,3
1161,December,23,1,2
1162,January,25,1,1
1162,February,20,4,0
1162,March,23,2,0
1162,April,26,0,1
1162,May,26,4,0
1162,June,24,0,1
1162,July,22,0,2
1162,August,25,1,1
1162,September,20,1,3
1162,October,24,0,3
1162,November,20,3,0
1162,December,26,0,1
1163,January,24,1,2
1163,February,26,2,1
1163,March,25,3,0
1163,April,24,0,0
1163,May,24,4,0
1163,June,23,4,2
1163,July,22,2,1
1163,August,23,0,2
1163,September,24,4,2
1163,October,24,3,1
1163,November,25,1,3
1163,December,22,2,0
1164,January,26,1,3
1164,February,22,1,2
1164,March,22,2,3
1164,April,23,4,2
1164,May,26,3,3
1164,June,25,4,1
1164,July,20,2,1
1164,August,22,4,2
1164,September,24,2,1
1164,October,25,0,1
1164,November,25,1,0
1164,December,23,3,1
1165,January,21,4,1
1165,February,20,3,1
1165,March,21,4,0
1165,April,26,4,3
1165,May,21,4,0
1165,June,26,4,2
1165,July,25,3,3
1165,August,24,2,0
1165,September,24,0,3
1165,October,24,1,0
1165,November,20,3,3
1165,December,21,1,2
1166,January,26,4,1
1166,February,26,4,0
1166,March,21,2,0
1166,April,25,4,2
1166,May,20,3,2
1166,June,26,1,2
1166,July,25,4,3
1166,August,20,2,0
1166,September,21,4,2
1166,October,26,4,0
1166,November,25,3,3
1166,December,22,0,3
1167,January,24,3,2
1167,February,21,2,3
1167,March,24,1,2
1167,April,24,3,2
1167,May,26,3,3
1167,June,21,3,0
1167,July,24,2,1
1167,August,21,3,1
1167,September,24,0,0
1167,October,20,4,0
1167,November,21,3,1
1167,December,20,4,3
1168,January,23,3,0
1168,February,24,2,3
1168,March,24,0,2
1168,April,26,3,2
1168,May,24,0,0
1168,June,20,4,3
1168,July,26,4,0
1168,August,23,3,1
1168,September,20,0,3
1168,October,23,3,0
1168,November,20,1,0
1168,December,26,4,3
1169,January,23,0,0
1169,February,21,3,3
1169,March,22,4,0
1169,April,21,1,2
1169,May,22,3,1
1169,June,25,0,0
1169,July,25,4,1
1169,August,24,2,1
1169,September,24,3,3
1169,October,20,1,0
1169,November,23,3,3
1169,December,20,2,2
1170,January,20,3,1
1170,February,21,0,0
1170,March,23,2,1
1170,April,22,0,0
1170,May,26,1,1
1170,June,23,1,2
1170,July,23,2,3
1170,August,21,4,0
1170,September,24,2,1
1170,October,20,2,0
1170,November,20,1,3
1170,December,21,3,0
1171,January,24,1,3
1171,February,21,1,2
1171,March,25,4,3
1171,April,23,3,3
1171,May,20,0,2
1171,June,26,0,1
1171,July,21,3,3
1171,August,24,0,1
1171,September,25,3,1
1171,October,26,1,0
1171,November,20,2,0
1171,December,21,3,2
1172,January,20,3,1
1172,February,22,3,2
1172,March,24,4,0
1172,April,26,4,0
1172,May,24,3,0
1172,June,24,4,3
1172,July,21,1,3
1172,August,25,1,3
1172,September,23,2,3
1172,October,23,2,2
1172,November,20,2,1
1172,December,26,4,3
1173,January,25,3,2
1173,February,26,1,3
1173,March,23,1,1
1173,April,26,3,0
1173,May,21,1,0
1173,June,20,0,1
1173,July,25,0,0
1173,August,24,0,1
1173,September,26,4,1
1173,October,26,4,1
1173,November,26,4,1
1173,December,23,2,3
1174,January,25,3,0
1174,February,26,1,1
1174,March,23,4,2
1174,April,20,3,2
1174,May,25,0,0
1174,June,24,2,3
1174,July,24,3,0
1174,August,23,4,3
1174,September,20,0,1
1174,October,25,3,0
1174,November,24,0,0
1174,December,21,3,1
1175,January,26,1,0
1175,February,25,1,2
1175,March,26,1,0
1175,April,24,3,2
1175,May,21,2,2
1175,June,23,3,3
1175,July,25,1,1
1175,August,25,1,2
1175,September,26,3,1
1175,October,26,3,2
1175,November,21,1,3
1175,December,24,0,2
1176,January,25,1,1
1176,February,20,2,0
1176,March,20,1,3
1176,April,20,3,1
1176,May,22,2,3
1176,June,24,3,1
1176,July,23,3,2
1176,August,24,3,3
1176,September,24,0,0
1176,October,25,0,1
1176,November,20,4,3
1176,December,20,2,3
1177,January,21,3,3
1177,February,24,4,0
1177,March,25,2,1
1177,April,21,0,1
1177,May,22,1,2
1177,June,25,0,2
1177,July,23,0,2
1177,August,22,0,0
1177,September,25,2,1
1177,October,23,4,0
1177,November,20,4,2
1177,December,24,1,0
1178,January,22,4,2
1178,February,20,1,1
1178,March,25,1,2
1178,April,24,1,1
1178,May,24,3,1
1178,June,22,3,3
1178,July,22,0,0
1178,August,23,2,1
1178,September,26,2,3
1178,October,25,1,3
1178,November,22,3,0
1178,December,21,4,3
1179,January,23,4,3
1179,February,21,2,1
1179,March,25,0,3
1179,April,24,0,3
1179,May,22,3,3
1179,June,25,1,3
1179,July,20,4,2
1179,August,25,3,3
1179,September,23,0,0
1179,October,22,1,0
1179,November,21,3,1
1179,December,20,2,2
1180,January,21,1,3
1180,February,20,0,3
1180,March,22,4,3
1180,April,20,4,2
1180,May,21,3,3
1180,June,25,0,0
1180,July,20,0,1
1180,August,21,2,0
1180,September,22,4,1
1180,October,20,4,2
1180,November,20,4,3
1180,December,26,2,0
1181,January,25,4,1
1181,February,21,2,2
1181,March,24,4,2
1181,April,24,4,1
1181,May,26,0,0
1181,June,25,4,2
1181,July,26,0,1
1181,August,22,2,1
1181,September,26,3,3
1181,October,20,2,3
1181,November,20,4,0
1181,December,21,0,2
1182,January,20,1,0
1182,February,22,3,2
1182,March,25,3,2
1182,April,24,2,3
1182,May,21,0,1
1182,June,24,0,0
1182,July,25,3,3
1182,August,23,1,1
1182,September,26,3,3
1182,October,26,1,0
1182,November,21,3,3
1182,December,25,3,0
1183,January,20,1,2
1183,February,21,0,3
1183,March,24,0,2
1183,April,24,1,2
1183,May,20,4,0
1183,June,26,3,2
1183,July,22,2,2
1183,August,26,2,2
1183,September,23,4,3
1183,October,22,3,1
1183,November,22,2,3
1183,December,25,4,0
1184,January,20,3,0
1184,February,22,2,3
1184,March,23,1,2
1184,April,21,3,1
1184,May,26,3,3
1184,June,26,4,0
1184,July,22,2,1
1184,August,21,0,3
1184,September,23,1,1
1184,October,25,4,0
1184,November,25,0,3
1184,December,26,3,2
1185,January,25,1,2
1185,February,24,2,0
1185,March,26,1,0
1185,April,24,2,2
1185,May,22,1,0
1185,June,20,4,2
1185,July,25,4,3
1185,August,24,3,2
1185,September,23,2,1
1185,October,21,3,3
1185,November,22,3,2
1185,December,26,0,1
1186,January,23,1,0
1186,February,22,0,2
1186,March,24,3,1
1186,April,21,2,2
1186,May,25,0,0
1186,June,22,0,1
1186,July,24,4,3
1186,August,20,2,0
1186,September,24,3,0
1186,October,23,4,3
1186,November,25,4,3
1186,December,23,1,1
1187,January,21,3,0
1187,February,22,1,0
1187,March,26,3,0
1187,April,25,1,3
1187,May,24,1,1
1187,June,23,0,0
1187,July,21,4,0
1187,August,20,3,2
1187,September,21,3,1
1187,October,25,3,2
1187,November,22,0,1
1187,December,20,0,0
1188,January,22,2,2
1188,February,21,4,2
1188,March,20,1,2
1188,April,26,2,2
1188,May,22,4,1
1188,June,22,2,1
1188,July,22,1,2
1188,August,25,4,1
1188,September,21,4,3
1188,October,22,4,2
1188,November,25,2,0
1188,December,25,1,1
1189,January,26,1,1
1189,February,22,0,0
1189,March,22,4,1
1189,April,22,4,2
1189,May,21,4,1
1189,June,26,0,1
1189,July,25,4,0
1189,August,26,0,2
1189,September,22,0,3
1189,October,22,0,3
1189,November,23,3,2
1189,December,25,1,0
1190,January,20,1,1
1190,February,23,2,0
1190,March,25,4,1
1190,April,20,3,3
1190,May,25,1,0
1190,June,26,1,1
1190,July,22,1,1
1190,August,24,1,0
1190,September,26,1,3
1190,October,26,0,2
1190,November,22,3,2
1190,December,24,1,2
1191,January,24,0,1
1191,February,25,0,0
1191,March,26,1,1
1191,April,21,2,3
1191,May,20,3,2
1191,June,23,0,3
1191,July,23,1,2
1191,August,21,2,3
1191,September,22,1,3
1191,October,26,0,0
1191,November,22,1,1
1191,December,22,3,2
1192,January,20,4,3
1192,February,23,3,0
1192,March,24,0,2
1192,April,25,3,1
1192,May,23,4,3
1192,June,25,4,0
1192,July,26,0,0
1192,August,24,0,1
1192,September,20,4,0
1192,October,20,2,3
1192,November,25,2,2
1192,December,20,4,2
1193,January,25,3,3
1193,February,21,3,2
1193,March,20,4,2
1193,April,23,0,2
1193,May,25,1,1
1193,June,20,1,2
1193,July,21,4,0
1193,August,23,4,0
1193,September,23,3,3
1193,October,25,2,3
1193,November,22,3,3
1193,December,26,1,2
1194,January,20,0,0
1194,February,24,4,2
1194,March,20,0,1
1194,April,26,3,1
1194,May,25,2,3
1194,June,20,0,2
1194,July,24,1,0
1194,August,26,1,1
1194,September,26,4,0
1194,October,20,3,0
1194,November,26,4,1
1194,December,21,3,2
1195,January,24,1,3
1195,February,25,1,0
1195,March,25,3,3
1195,April,24,0,2
1195,May,24,2,3
1195,June,21,4,2
1195,July,26,3,3
1195,August,25,1,0
1195,September,20,3,3
1195,October,20,1,0
1195,November,24,3,1
1195,December,20,3,2
1196,January,23,0,1
1196,February,26,3,3
1196,March,21,3,2
1196,April,23,1,3
1196,May,20,4,3
1196,June,22,4,1
1196,July,20,1,3
1196,August,22,3,1
1196,September,25,4,0
1196,October,21,3,3
1196,November,25,4,2
1196,December,21,1,2
1197,January,25,1,3
1197,February,21,1,2
1197,March,20,1,3
1197,April,23,0,1
1197,May,23,0,3
1197,June,22,3,0
1197,July,26,2,3
1197,August,21,1,2
1197,September,24,4,3
1197,October,26,2,0
1197,November,26,0,2
1197,December,20,4,2
1198,January,22,3,1
1198,February,20,2,0
1198,March,26,0,2
1198,April,20,3,0
1198,May,24,2,0
1198,June,20,4,0
1198,July,24,0,0
1198,August,24,2,0
1198,September,20,4,0
1198,October,20,4,3
1198,November,25,1,0
1198,December,25,1,1
1199,January,23,4,2
1199,February,26,3,0
1199,March,26,1,1
1199,April,21,1,3
1199,May,22,3,0
1199,June,23,4,0
1199,July,25,3,1
1199,August,20,1,0
1199,September,22,3,1
1199,October,22,4,0
1199,November,21,0,0
1199,December,20,2,3
1200,January,24,1,0
1200,February,20,1,0
1200,March,22,3,0
1200,April,23,3,1
1200,May,20,0,3
1200,June,23,0,3
1200,July,22,4,3
1200,August,21,4,3
1200,September,21,3,2
1200,October,25,3,2
1200,November,22,2,1
1200,December,21,4,3
1201,January,26,3,3
1201,February,25,2,3
1201,March,22,4,0
1201,April,21,0,2
1201,May,21,0,0
1201,June,20,3,1
1201,July,23,1,2
1201,August,20,3,0
1201,September,25,4,3
1201,October,25,2,3
1201,November,22,1,1
1201,December,25,2,2
1202,January,21,1,1
1202,February,25,0,3
1202,March,22,3,2
1202,April,21,0,3
1202,May,23,3,2
1202,June,23,4,3
1202,July,24,1,3
1202,August,21,4,3
1202,September,22,4,2
1202,October,22,1,2
1202,November,25,0,0
1202,December,24,4,0
1203,January,21,1,3
1203,February,24,0,3
1203,March,24,3,1
1203,April,22,1,3
1203,May,21,3,3
1203,June,22,0,0
1203,July,22,3,1
1203,August,21,0,0
1203,September,26,1,1
1203,October,23,3,0
1203,November,20,1,3
1203,December,22,3,0
1204,January,25,4,2
1204,February,20,0,1
1204,March,21,0,3
1204,April,21,0,3
1204,May,25,3,1
1204,June,24,4,0
1204,July,22,1,1
1204,August,24,1,2
1204,September,25,1,3
1204,October,25,2,3
1204,November,20,4,0
1204,December,20,0,2
1205,January,24,3,2
1205,February,20,3,2
1205,March,22,2,2
1205,April,23,0,2
1205,May,21,4,0
1205,June,22,0,1
1205,July,21,1,1
1205,August,21,2,0
1205,September,21,1,0
1205,October,22,3,1
1205,November,26,4,1
1205,December,25,0,1
1206,January,25,4,1
1206,February,26,4,0
1206,March,25,0,1
1206,April,24,2,2
1206,May,22,3,0
1206,June,23,3,1
1206,July,26,1,0
1206,August,21,4,1
1206,September,23,4,3
1206,October,20,0,3
1206,November,24,4,0
1206,December,24,2,3
1207,January,26,2,2
1207,February,21,0,2
1207,March,22,4,2
1207,April,23,1,0
1207,May,25,0,1
1207,June,20,4,1
1207,July,22,4,2
1207,August,21,4,0
1207,September,21,3,3
1207,October,25,1,1
1207,November,25,3,2
1207,December,21,4,1
1208,January,20,1,0
1208,February,21,2,3
1208,March,23,0,1
1208,April,23,0,0
1208,May,23,2,0
1208,June,20,4,1
1208,July,26,1,3
1208,August,22,3,2
1208,September,20,4,0
1208,October,24,1,2
1208,November,24,2,2
1208,December,22,3,3
1209,January,25,2,3
1209,February,20,0,3
1209,March,22,2,1
1209,April,25,2,1
1209,May,26,0,1
1209,June,22,1,2
1209,July,26,1,3
1209,August,20,0,2
1209,September,25,1,2
1209,October,22,1,3
1209,November,22,1,1
1209,December,25,2,1
1210,January,24,3,1
1210,February,25,3,3
1210,March,23,4,3
1210,April,24,3,2
1210,May,25,4,3
1210,June,25,2,0
1210,July,23,0,1
1210,August,22,3,0
1210,September,21,0,3
1210,October,23,2,1
1210,November,20,0,2
1210,December,26,2,0
1211,January,20,4,0
1211,February,21,1,0
1211,March,26,4,3
1211,April,26,4,1
1211,May,23,4,2
1211,June,25,4,3
1211,July,23,0,1
1211,August,26,0,1
1211,September,25,1,2
1211,October,23,0,2
1211,November,26,2,0
1211,December,22,2,0
1212,January,21,2,3
1212,February,20,1,1
1212,March,23,1,3
1212,April,22,2,0
1212,May,24,0,2
1212,June,23,4,2
1212,July,26,3,0
1212,August,20,1,1
1212,September,21,0,3
1212,October,22,4,1
1212,November,23,1,3
1212,December,26,3,0
1213,January,24,2,2
1213,February,23,2,3
1213,March,25,3,2
1213,April,21,4,2
1213,May,26,2,3
1213,June,24,0,3
1213,July,20,3,2
1213,August,21,2,3
1213,September,22,0,1
1213,October,26,1,2
1213,November,25,0,2
1213,December,22,2,1
1214,January,21,4,2
1214,February,25,2,1
1214,March,20,1,3
1214,April,26,3,0
1214,May,20,4,1
1214,June,26,0,3
1214,July,23,2,1
1214,August,23,0,1
1214,September,22,2,2
1214,October,22,3,2
1214,November,22,3,2
1214,December,20,1,1
1215,January,22,0,3
1215,February,26,4,3
1215,March,26,0,1
1215,April,22,0,2
1215,May,21,4,2
1215,June,21,4,1
1215,July,25,3,1
1215,August,25,1,0
1215,September,24,2,1
1215,October,26,0,3
1215,November,21,3,2
1215,December,25,0,2
1216,January,24,2,0
1216,February,24,2,0
1216,March,21,4,3
1216,April,20,0,3
1216,May,24,2,3
1216,June,20,0,0
1216,July,20,0,3
1216,August,26,2,0
1216,September,22,4,3
1216,October,21,3,2
1216,November,21,4,0
1216,December,23,0,3
1217,January,24,0,0
1217,February,25,1,2
1217,March,21,3,2
1217,April,22,0,3
1217,May,21,3,0
1217,June,21,1,3
1217,July,25,0,1
1217,August,23,4,3
1217,September,21,3,2
1217,October,21,4,1
1217,November,20,2,0
1217,December,21,0,2
1218,January,20,0,2
1218,February,22,0,0
1218,March,24,0,2
1218,April,23,3,2
1218,May,26,3,1
1218,June,23,3,2
1218,July,23,2,0
1218,August,25,4,1
1218,September,24,0,0
1218,October,25,3,1
1218,November,24,0,3
1218,December,24,0,1
1219,January,20,3,0
1219,February,23,0,3
1219,March,21,3,0
1219,April,21,4,0
1219,May,21,2,2
1219,June,25,1,3
1219,July,22,3,1
1219,August,26,2,3
1219,September,22,3,0
1219,October,20,0,2
1219,November,24,2,3
1219,December,24,2,1
1220,January,25,4,3
1220,February,20,0,0
1220,March,26,3,3
1220,April,22,4,2
1220,May,23,1,1
1220,June,21,1,1
1220,July,22,0,3
1220,August,25,4,3
1220,September,20,1,1
1220,October,21,3,2
1220,November,25,0,3
1220,December,24,4,3
1221,January,26,0,1
1221,February,20,3,3
1221,March,24,3,0
1221,April,20,3,2
1221,May,24,3,2
1221,June,26,2,3
1221,July,22,2,1
1221,August,26,2,1
1221,September,24,2,3
1221,October,24,1,2
1221,November,23,1,1
1221,December,23,0,3
1222,January,25,4,3
1222,February,24,0,0
1222,March,26,1,1
1222,April,26,3,0
1222,May,20,3,0
1222,June,23,4,2
1222,July,26,1,2
1222,August,23,1,2
1222,September,25,4,3
1222,October,23,3,3
1222,November,25,2,3
1222,December,21,3,1
1223,January,20,0,3
1223,February,24,4,3
1223,March,23,4,0
1223,April,20,3,2
1223,May,22,0,1
1223,June,26,2,3
1223,July,26,1,1
1223,August,24,4,3
1223,September,25,2,1
1223,October,26,1,0
1223,November,21,4,1
1223,December,22,4,2
1224,January,21,0,1
1224,February,23,3,3
1224,March,22,2,3
1224,April,23,4,2
1224,May,26,3,3
1224,June,21,2,1
1224,July,22,0,3
1224,August,21,2,2
1224,September,23,1,1
1224,October,23,4,2
1224,November,23,2,0
1224,December,24,0,0
1225,January,25,0,2
1225,February,20,1,2
1225,March,26,0,0
1225,April,23,2,1
1225,May,25,2,3
1225,June,21,4,1
1225,July,20,1,3
1225,August,26,0,1
1225,September,24,2,2
1225,October,25,0,2
1225,November,25,4,0
1225,December,26,0,1
1226,January,20,0,0
1226,February,24,4,2
1226,March,25,2,3
1226,April,23,1,0
1226,May,21,1,2
1226,June,21,0,0
1226,July,24,2,3
1226,August,24,2,1
1226,September,21,4,2
1226,October,21,4,0
1226,November,23,2,0
1226,December,21,2,1
1227,January,25,1,0
1227,February,20,1,0
1227,March,21,2,1
1227,April,21,0,0
1227,May,20,3,0
1227,June,24,2,1
1227,July,26,2,1
1227,August,23,3,3
1227,September,24,0,1
1227,October,25,4,3
1227,November,25,4,0
1227,December,21,1,2
1228,January,23,1,1
1228,February,22,3,1
1228,March,20,3,0
1228,April,21,0,0
1228,May,23,1,2
1228,June,26,4,0
1228,July,20,2,0
1228,August,25,0,0
1228,September,20,4,3
1228,October,21,3,2
1228,November,22,2,2
1228,December,20,1,3
1229,January,24,4,2
1229,February,25,3,2
1229,March,20,3,2
1229,April,26,1,2
1229,May,25,0,0
1229,June,24,2,2
1229,July,21,3,2
1229,August,20,4,3
1229,September,24,2,1
1229,October,20,2,3
1229,November,25,1,3
1229,December,24,3,1
1230,January,26,1,1
1230,February,20,0,0
1230,March,20,3,3
1230,April,20,2,2
1230,May,21,3,3
1230,June,24,3,3
1230,July,25,2,3
1230,August,23,1,2
1230,September,22,0,0
1230,October,25,2,0
1230,November,26,4,2
1230,December,22,3,1
1231,January,20,0,3
1231,February,23,0,0
1231,March,23,2,2
1231,April,20,4,2
1231,May,20,3,3
1231,June,24,4,3
1231,July,20,0,3
1231,August,25,2,3
1231,September,23,0,0
1231,October,22,3,2
1231,November,20,2,0
1231,December,20,1,0
1232,January,22,0,3
1232,February,21,1,3
1232,March,22,2,1
1232,April,22,4,3
1232,May,20,2,0
1232,June,23,0,1
1232,July,24,0,3
1232,August,20,4,0
1232,September,26,0,0
1232,October,25,2,3
1232,November,22,3,3
1232,December,23,2,2
1233,January,22,2,3
1233,February,21,3,1
1233,March,26,2,3
1233,April,24,0,3
1233,May,22,1,2
1233,June,26,1,1
1233,July,24,0,0
1233,August,26,1,0
1233,September,24,1,1
1233,October,25,1,0
1233,November,23,1,3
1233,December,26,4,3
1234,January,24,2,0
1234,February,25,2,3
1234,March,21,3,3
1234,April,25,4,2
1234,May,24,1,3
1234,June,21,2,0
1234,July,22,0,3
1234,August,25,3,1
1234,September,23,1,0
1234,October,25,2,3
1234,November,20,1,3
1234,December,21,4,1
1235,January,22,0,3
1235,February,25,1,0
1235,March,20,0,0
1235,April,25,1,2
1235,May,23,3,1
1235,June,20,4,3
1235,July,23,3,1
1235,August,26,4,2
1235,September,21,0,1
1235,October,26,4,0
1235,November,23,0,1
1235,December,26,4,0
1236,January,24,0,2
1236,February,26,1,0
1236,March,24,2,0
1236,April,26,0,3
1236,May,20,4,0
1236,June,25,3,3
1236,July,24,3,3
1236,August,24,4,1
1236,September,21,1,3
1236,October,21,0,3
1236,November,23,4,0
1236,December,20,3,1
1237,January,24,4,1
1237,February,24,2,1
1237,March,22,0,2
1237,April,23,0,1
1237,May,22,1,3
1237,June,23,2,0
1237,July,23,1,0
1237,August,22,2,0
1237,September,22,4,0
1237,October,26,0,1
1237,November,22,2,1
1237,December,24,2,1
1238,January,26,0,3
1238,February,26,4,3
1238,March,20,3,2
1238,April,25,2,2
1238,May,21,3,2
1238,June,22,3,2
1238,July,21,3,3
1238,August,21,3,3
1238,September,20,1,1
1238,October,26,3,1
1238,November,20,0,0
1238,December,22,3,2
1239,January,26,4,2
1239,February,20,1,2
1239,March,23,2,0
1239,April,22,0,0
1239,May,21,0,2
1239,June,20,2,1
1239,July,21,1,3
1239,August,26,2,0
1239,September,25,1,0
1239,October,21,4,2
1239,November,25,0,3
1239,December,24,2,3
1240,January,20,0,3
1240,February,26,0,2
1240,March,25,3,0
1240,April,21,1,1
1240,May,24,4,2
1240,June,25,3,1
1240,July,23,3,3
1240,August,24,0,0
1240,September,23,3,2
1240,October,22,4,0
1240,November,23,0,0
1240,December,21,0,1
1241,January,25,1,2
1241,February,21,4,2
1241,March,26,4,1
1241,April,25,4,3
1241,May,23,4,1
1241,June,20,2,2
1241,July,22,2,3
1241,August,21,2,3
1241,September,20,2,2
1241,October,25,4,2
1241,November,20,0,1
1241,December,25,2,2
1242,January,26,2,3
1242,February,25,4,1
1242,March,21,1,0
1242,April,24,3,2
1242,May,21,3,1
1242,June,25,2,3
1242,July,21,3,1
1242,August,25,2,1
1242,September,22,4,1
1242,October,24,1,0
1242,November,24,1,3
1242,December,22,4,2
1243,January,25,2,1
1243,February,26,3,0
1243,March,22,2,1
1243,April,21,0,1
1243,May,23,1,0
1243,June,21,3,3
1243,July,25,0,2
1243,August,25,0,2
1243,September,24,2,3
1243,October,26,3,2
1243,November,20,2,2
1243,December,21,4,2
1244,January,20,0,1
1244,February,22,4,3
1244,March,26,2,1
1244,April,26,3,3
1244,May,20,2,3
1244,June,20,0,2
1244,July,20,0,2
1244,August,21,4,0
1244,September,22,1,3
1244,October,25,0,2
1244,November,25,4,3
1244,December,20,4,1
1245,January,26,0,0
1245,February,22,0,2
1245,March,26,2,0
1245,April,24,3,0
1245,May,23,2,1
1245,June,26,1,1
1245,July,24,0,3
1245,August,22,0,3
1245,September,25,0,2
1245,October,26,2,1
1245,November,21,3,2
1245,December,21,1,1
1246,January,20,1,2
1246,February,22,3,1
1246,March,25,2,0
1246,April,21,1,3
1246,May,26,4,2
1246,June,23,4,3
1246,July,25,1,0
1246,August,23,2,2
1246,September,21,2,3
1246,October,20,4,3
1246,November,20,4,2
1246,December,22,2,3
1247,January,23,3,1
1247,February,21,2,2
1247,March,20,4,3
1247,April,21,0,1
1247,May,24,1,0
1247,June,26,2,3
1247,July,22,1,3
1247,August,22,1,2
1247,September,20,2,3
1247,October,21,0,3
1247,November,25,2,0
1247,December,24,1,1
1248,January,20,3,2
1248,February,26,4,1
1248,March,23,0,3
1248,April,25,3,0
1248,May,20,2,0
1248,June,21,0,0
1248,July,24,4,3
1248,August,25,4,0
1248,September,22,4,0
1248,October,25,2,0
1248,November,25,3,0
1248,December,24,3,1
1249,January,22,1,1
1249,February,22,3,0
1249,March,22,4,0
1249,April,25,0,2
1249,May,20,1,2
1249,June,23,4,1
1249,July,26,4,1
1249,August,24,1,2
1249,September,21,0,0
1249,October,25,0,1
1249,November,25,0,3
1249,December,20,4,2
1250,January,20,4,2
1250,February,25,2,3
1250,March,25,1,3
1250,April,20,2,2
1250,May,26,0,1
1250,June,23,3,0
1250,July,21,0,0
1250,August,26,4,2
1250,September,24,1,1
1250,October,20,3,2
1250,November,21,4,2
1250,December,23,2,3
1251,January,22,3,0
1251,February,22,4,1
1251,March,25,1,0
1251,April,24,2,2
1251,May,25,4,0
1251,June,26,1,1
1251,July,20,3,2
1251,August,21,3,2
1251,September,20,0,3
1251,October,23,0,0
1251,November,23,3,1
1251,December,26,2,0
1252,January,21,3,1
1252,February,25,3,2
1252,March,23,2,3
1252,April,25,0,1
1252,May,25,4,2
1252,June,21,2,0
1252,July,23,2,3
1252,August,20,1,3
1252,September,20,0,2
1252,October,24,1,3
1252,November,26,1,3
1252,December,25,0,3
1253,January,24,4,2
1253,February,26,2,0
1253,March,22,0,1
1253,April,24,0,1
1253,May,22,1,0
1253,June,23,0,1
1253,July,22,1,0
1253,August,26,0,2
1253,September,20,1,2
1253,October,21,4,1
1253,November,26,0,3
1253,December,25,4,1
1254,January,25,2,0
1254,February,26,0,1
1254,March,21,0,0
1254,April,25,3,1
1254,May,23,1,0
1254,June,26,1,3
1254,July,20,3,2
1254,August,26,3,2
1254,September,20,4,1
1254,October,20,3,1
1254,November,22,2,1
1254,December,20,4,3
1255,January,22,1,3
1255,February,21,2,0
1255,March,20,1,1
1255,April,21,2,0
1255,May,25,4,0
1255,June,22,4,0
1255,July,23,2,2
1255,August,21,4,3
1255,September,23,1,2
1255,October,22,4,2
1255,November,23,4,2
1255,December,25,4,1
1256,January,23,0,0
1256,February,25,1,0
1256,March,20,3,3
1256,April,20,4,2
1256,May,24,1,0
1256,June,20,2,3
1256,July,20,1,0
1256,August,22,1,0
1256,September,22,0,2
1256,October,20,1,2
1256,November,25,0,2
1256,December,25,3,2
1257,January,26,2,2
1257,February,20,1,0
1257,March,23,1,1
1257,April,21,2,3
1257,May,25,4,1
1257,June,23,4,3
1257,July,22,0,2
1257,August,21,2,2
1257,September,22,1,2
1257,October,24,0,3
1257,November,23,4,1
1257,December,26,1,3
1258,January,25,3,3
1258,February,24,4,3
1258,March,25,1,0
1258,April,20,3,0
1258,May,22,0,3
1258,June,20,1,1
1258,July,26,1,2
1258,August,26,4,1
1258,September,22,3,2
1258,October,22,0,0
1258,November,20,1,2
1258,December,25,2,3
1259,January,20,3,1
1259,February,24,4,0
1259,March,21,0,0
1259,April,26,1,3
1259,May,24,0,0
1259,June,22,4,1
1259,July,23,0,1
1259,August,25,1,1
1259,September,21,1,3
1259,October,26,1,1
1259,November,20,4,3
1259,December,21,3,3
1260,January,25,1,0
1260,February,23,3,1
1260,March,22,4,2
1260,April,22,2,3
1260,May,25,4,3
1260,June,20,1,2
1260,July,22,3,3
1260,August,22,2,0
1260,September,22,0,2
1260,October,20,1,2
1260,November,24,0,0
1260,December,22,2,3
1261,January,21,3,1
1261,February,21,3,1
1261,March,21,4,3
1261,April,22,1,1
1261,May,22,1,2
1261,June,22,4,3
1261,July,25,3,0
1261,August,24,4,3
1261,September,22,1,3
1261,October,22,3,1
1261,November,22,3,1
1261,December,24,1,3
1262,January,25,3,0
1262,February,26,2,1
1262,March,20,4,3
1262,April,20,2,2
1262,May,20,2,3
1262,June,22,4,1
1262,July,23,2,2
1262,August,24,0,2
1262,September,21,2,1
1262,October,22,3,1
1262,November,24,2,2
1262,December,24,1,2
1263,January,23,0,3
1263,February,23,1,3
1263,March,20,4,1
1263,April,22,1,0
1263,May,22,3,2
1263,June,25,3,0
1263,July,25,0,3
1263,August,20,3,1
1263,September,23,4,0
1263,October,22,0,2
1263,November,25,0,0
1263,December,22,0,0
1264,January,23,4,2
1264,February,25,4,1
1264,March,20,3,2
1264,April,26,4,1
1264,May,23,1,2
1264,June,21,0,2
1264,July,26,4,1
1264,August,24,4,2
1264,September,23,4,0
1264,October,23,0,2
1264,November,23,3,0
1264,December,24,4,2
1265,January,23,0,1
1265,February,26,2,0
1265,March,25,3,0
1265,April,20,4,0
1265,May,20,4,1
1265,June,22,1,3
1265,July,23,0,3
1265,August,23,3,2
1265,September,22,1,0
1265,October,21,3,1
1265,November,25,4,3
1265,December,20,4,3
1266,January,21,2,0
1266,February,22,2,2
1266,March,22,4,0
1266,April,23,3,2
1266,May,25,4,0
1266,June,26,1,2
1266,July,24,0,1
1266,August,21,2,3
1266,September,23,2,1
1266,October,20,3,2
1266,November,22,0,1
1266,December,20,3,1
1267,January,23,3,2
1267,February,26,2,3
1267,March,20,2,2
1267,April,25,2,2
1267,May,25,3,1
1267,June,20,1,0
1267,July,22,4,2
1267,August,23,0,0
1267,September,20,0,2
1267,October,25,4,1
1267,November,24,4,1
1267,December,20,1,0
1268,January,24,1,3
1268,February,25,2,0
1268,March,23,2,1
1268,April,23,2,1
1268,May,25,3,1
1268,June,23,1,1
1268,July,22,0,0
1268,August,22,1,1
1268,September,25,2,2
1268,October,23,4,2
1268,November,25,2,0
1268,December,22,3,0
1269,January,24,2,3
1269,February,22,2,2
1269,March,20,2,2
1269,April,22,1,0
1269,May,20,1,0
1269,June,25,3,1
1269,July,25,3,0
1269,August,26,1,1
1269,September,23,0,0
1269,October,25,3,0
1269,November,25,0,0
1269,December,24,4,1
1270,January,26,2,3
1270,February,22,0,1
1270,March,22,0,1
1270,April,26,2,3
1270,May,21,4,2
1270,June,22,4,3
1270,July,20,3,1
1270,August,26,1,1
1270,September,26,0,2
1270,October,25,4,1
1270,November,23,0,1
1270,December,20,4,3
1271,January,24,2,0
1271,February,20,1,1
1271,March,21,4,3
1271,April,24,0,2
1271,May,24,1,1
1271,June,21,4,2
1271,July,22,1,2
1271,August,25,4,3
1271,September,21,3,2
1271,October,21,1,1
1271,November,22,3,2
1271,December,24,1,1
1272,January,20,4,1
1272,February,21,3,2
1272,March,24,4,1
1272,April,21,2,3
1272,May,25,4,2
1272,June,22,4,1
1272,July,24,1,2
1272,August,20,2,3
1272,September,21,0,0
1272,October,20,2,3
1272,November,22,4,2
1272,December,22,2,1
1273,January,20,1,2
1273,February,24,2,2
1273,March,21,2,2
1273,April,20,1,1
1273,May,23,4,0
1273,June,23,4,0
1273,July,24,0,0
1273,August,23,1,3
1273,September,21,2,2
1273,October,22,2,1
1273,November,22,4,2
1273,December,24,0,0
1274,January,23,2,0
1274,February,24,1,3
1274,March,26,2,3
1274,April,26,2,3
1274,May,22,4,1
1274,June,22,3,1
1274,July,24,3,2
1274,August,23,4,2
1274,September,25,4,3
1274,October,22,4,3
1274,November,21,2,3
1274,December,20,1,2
1275,January,25,0,0
1275,February,22,4,3
1275,March,21,2,1
1275,April,22,2,0
1275,May,23,1,2
1275,June,24,2,3
1275,July,25,4,1
1275,August,25,0,2
1275,September,20,1,3
1275,October,26,1,3
1275,November,21,3,1
1275,December,26,3,2
1276,January,26,0,2
1276,February,24,2,3
1276,March,22,0,1
1276,April,23,2,0
1276,May,23,4,3
1276,June,24,4,2
1276,July,21,2,2
1276,August,25,4,2
1276,September,20,2,3
1276,October,22,0,3
1276,November,25,4,2
1276,December,25,2,0
1277,January,21,0,0
1277,February,26,1,1
1277,March,22,1,0
1277,April,26,4,1
1277,May,23,4,0
1277,June,25,2,2
1277,July,24,2,0
1277,August,26,0,1
1277,September,26,2,2
1277,October,25,4,0
1277,November,23,1,0
1277,December,22,4,3
1278,January,22,1,1
1278,February,23,2,1
1278,March,21,3,0
1278,April,24,3,2
1278,May,26,0,2
1278,June,20,0,3
1278,July,26,2,3
1278,August,20,3,3
1278,September,23,0,3
1278,October,21,3,0
1278,November,20,1,0
1278,December,20,1,1
1279,January,22,2,0
1279,February,20,3,3
1279,March,21,1,0
1279,April,25,0,3
1279,May,21,2,0
1279,June,24,3,2
1279,July,25,3,3
1279,August,24,3,3
1279,September,24,2,2
1279,October,26,0,1
1279,November,23,4,0
1279,December,22,3,1
1280,January,24,0,2
1280,February,26,0,1
1280,March,20,4,0
1280,April,21,1,0
1280,May,26,3,3
1280,June,21,3,3
1280,July,21,1,0
1280,August,22,4,3
1280,September,26,4,1
1280,October,24,4,3
1280,November,24,1,1
1280,December,25,0,0
1281,January,25,4,0
1281,February,26,4,3
1281,March,20,1,3
1281,April,24,0,1
1281,May,20,1,1
1281,June,25,4,2
1281,July,24,4,1
1281,August,22,2,3
1281,September,22,1,2
1281,October,21,1,2
1281,November,24,2,1
1281,December,23,0,2
1282,January,22,1,0
1282,February,26,3,0
1282,March,23,0,3
1282,April,21,3,1
1282,May,26,4,3
1282,June,24,1,2
1282,July,26,1,1
1282,August,22,2,2
1282,September,23,4,1
1282,October,21,0,1
1282,November,24,4,1
1282,December,25,4,2
1283,January,21,1,3
1283,February,26,2,3
1283,March,26,4,1
1283,April,20,0,0
1283,May,25,4,3
1283,June,23,4,3
1283,July,26,1,0
1283,August,21,3,2
1283,September,25,2,3
1283,October,21,3,3
1283,November,22,2,1
1283,December,22,0,2
1284,January,25,2,0
1284,February,26,2,3
1284,March,23,3,3
1284,April,25,4,3
1284,May,23,1,2
1284,June,23,1,3
1284,July,21,3,1
1284,August,23,2,2
1284,September,21,4,1
1284,October,26,4,1
1284,November,20,0,1
1284,December,21,3,0
1285,January,22,3,1
1285,February,20,4,0
1285,March,25,1,1
1285,April,20,3,0
1285,May,26,1,2
1285,June,23,4,0
1285,July,25,1,3
1285,August,26,2,1
1285,September,26,3,1
1285,October,25,2,0
1285,November,22,2,0
1285,December,26,4,1
1286,January,22,4,3
1286,February,23,3,0
1286,March,24,2,1
1286,April,20,2,1
1286,May,20,1,1
1286,June,26,0,0
1286,July,23,4,3
1286,August,20,0,2
1286,September,22,1,1
1286,October,21,4,3
1286,November,26,3,0
1286,December,23,1,2
1287,January,24,3,2
1287,February,26,2,2
1287,March,26,2,0
1287,April,26,2,0
1287,May,21,2,1
1287,June,20,3,0
1287,July,24,0,1
1287,August,24,1,3
1287,September,20,0,3
1287,October,22,2,2
1287,November,22,0,1
1287,December,24,3,1
1288,January,26,4,1
1288,February,23,3,2
1288,March,22,4,2
1288,April,22,0,0
1288,May,22,2,2
1288,June,24,0,3
1288,July,22,2,3
1288,August,25,4,2
1288,September,22,3,2
1288,October,21,4,3
1288,November,26,3,2
1288,December,21,1,0
1289,January,21,1,0
1289,February,21,1,1
1289,March,22,2,1
1289,April,26,0,3
1289,May,21,0,0
1289,June,22,4,2
1289,July,21,3,2
1289,August,21,1,2
1289,September,25,1,0
1289,October,24,2,1
1289,November,20,3,1
1289,December,24,4,3
1290,January,20,4,2
1290,February,22,0,2
1290,March,22,2,3
1290,April,25,3,2
1290,May,22,0,0
1290,June,24,0,3
1290,July,24,0,0
1290,August,25,1,0
1290,September,24,4,1
1290,October,21,0,3
1290,November,25,3,1
1290,December,26,2,2
1291,January,21,1,3
1291,February,24,2,1
1291,March,26,0,2
1291,April,22,1,1
1291,May,22,4,0
1291,June,22,1,0
1291,July,20,4,2
1291,August,23,2,0
1291,September,23,1,0
1291,October,26,1,3
1291,November,20,2,0
1291,December,22,4,1
1292,January,23,0,0
1292,February,20,1,1
1292,March,26,2,0
1292,April,22,0,2
1292,May,24,4,1
1292,June,24,2,0
1292,July,22,3,0
1292,August,23,2,0
1292,September,21,3,2
1292,October,25,4,3
1292,November,25,0,2
1292,December,21,4,0
1293,January,22,2,1
1293,February,20,3,1
1293,March,23,0,1
1293,April,20,2,3
1293,May,25,2,2
1293,June,21,1,2
1293,July,22,4,1
1293,August,20,4,2
1293,September,25,0,3
1293,October,22,1,1
1293,November,26,1,0
1293,December,20,3,1
1294,January,26,1,0
1294,February,26,0,2
1294,March,21,4,3
1294,April,22,2,0
1294,May,25,1,3
1294,June,24,3,1
1294,July,23,1,1
1294,August,22,1,0
1294,September,26,4,0
1294,October,22,4,1
1294,November,23,3,3
1294,December,21,2,2
1295,January,24,2,3
1295,February,24,0,3
1295,March,24,3,0
1295,April,21,2,1
1295,May,26,1,0
1295,June,26,4,3
1295,July,22,4,1
1295,August,25,4,2
1295,September,21,1,0
1295,October,25,4,0
1295,November,25,0,2
1295,December,22,1,2
1296,January,24,1,1
1296,February,26,0,3
1296,March,26,4,0
1296,April,21,0,2
1296,May,20,4,2
1296,June,21,4,1
1296,July,21,4,3
1296,August,23,1,3
1296,September,26,4,2
1296,October,24,0,3
1296,November,26,3,1
1296,December,20,3,3
1297,January,22,4,2
1297,February,23,3,3
1297,March,25,0,0
1297,April,23,2,1
1297,May,26,0,1
1297,June,25,0,0
1297,July,26,0,0
1297,August,25,2,3
1297,September,22,2,0
1297,October,21,2,1
1297,November,26,2,1
1297,December,26,3,1
1298,January,24,2,3
1298,February,21,2,3
1298,March,25,3,1
1298,April,25,0,0
1298,May,21,4,0
1298,June,26,3,2
1298,July,22,4,2
1298,August,22,2,1
1298,September,24,0,2
1298,October,22,1,2
1298,November,24,4,3
1298,December,24,4,1
1299,January,23,0,2
1299,February,25,0,3
1299,March,23,3,2
1299,April,24,4,3
1299,May,23,4,3
1299,June,23,1,1
1299,July,21,0,3
1299,August,23,1,0
1299,September,25,1,0
1299,October,21,3,1
1299,November,21,1,2
1299,December,25,2,1
1300,January,24,3,0
1300,February,25,1,0
1300,March,24,0,2
1300,April,23,1,3
1300,May,22,4,2
1300,June,20,4,1
1300,July,26,3,0
1300,August,25,1,2
1300,September,21,3,1
1300,October,22,0,0
1300,November,22,1,1
1300,December,26,2,1
1301,January,25,4,2
1301,February,21,4,2
1301,March,26,2,3
1301,April,22,2,2
1301,May,20,4,0
1301,June,22,1,3
1301,July,26,4,1
1301,August,21,1,3
1301,September,26,0,2
1301,October,26,3,2
1301,November,23,0,1
1301,December,24,0,1
1302,January,26,2,2
1302,February,22,4,2
1302,March,22,1,1
1302,April,20,1,3
1302,May,26,0,1
1302,June,25,2,3
1302,July,21,0,2
1302,August,22,1,2
1302,September,24,0,2
1302,October,25,3,3
1302,November,24,2,3
1302,December,21,2,1
1303,January,26,3,3
1303,February,24,4,2
1303,March,24,3,1
1303,April,21,0,1
1303,May,20,3,1
1303,June,23,1,2
1303,July,25,2,2
1303,August,26,1,2
1303,September,25,0,0
1303,October,23,2,0
1303,November,25,1,0
1303,December,22,1,2
1304,January,24,0,0
1304,February,25,4,1
1304,March,25,0,2
1304,April,20,2,2
1304,May,25,4,1
1304,June,20,0,3
1304,July,25,1,3
1304,August,20,0,3
1304,September,26,4,1
1304,October,26,3,2
1304,November,23,0,0
1304,December,22,2,3
1305,January,22,1,3
1305,February,20,1,2
1305,March,22,2,0
1305,April,26,0,1
1305,May,24,2,3
1305,June,25,0,2
1305,July,23,3,3
1305,August,26,4,3
1305,September,20,1,0
1305,October,20,3,0
1305,November,20,4,2
1305,December,21,3,2
1306,January,25,2,1
1306,February,23,2,1
1306,March,23,1,0
1306,April,26,2,1
1306,May,26,2,1
1306,June,22,0,3
1306,July,21,2,0
1306,August,20,0,3
1306,September,26,4,1
1306,October,21,1,3
1306,November,25,3,2
1306,December,23,3,2
1307,January,26,2,3
1307,February,21,0,0
1307,March,24,0,0
1307,April,25,4,2
1307,May,20,0,0
1307,June,26,0,1
1307,July,24,1,3
1307,August,20,4,3
1307,September,22,2,1
1307,October,21,4,1
1307,November,26,4,2
1307,December,22,2,2
1308,January,26,2,3
1308,February,25,3,0
1308,March,22,1,3
1308,April,24,0,1
1308,May,25,3,3
1308,June,23,0,3
1308,July,26,1,3
1308,August,26,3,2
1308,September,25,1,3
1308,October,20,0,1
1308,November,24,0,0
1308,December,21,4,3
1309,January,22,2,1
1309,February,26,1,1
1309,March,25,4,0
1309,April,24,0,0
1309,May,23,3,3
1309,June,22,2,3
1309,July,20,1,3
1309,August,20,3,3
1309,September,24,3,1
1309,October,23,0,3
1309,November,26,0,1
1309,December,21,2,1
1310,January,21,4,0
1310,February,22,3,1
1310,March,20,4,1
1310,April,20,0,2
1310,May,24,3,3
1310,June,22,1,2
1310,July,22,0,2
1310,August,22,3,0
1310,September,20,0,0
1310,October,25,0,3
1310,November,20,2,2
1310,December,21,0,2
1311,January,25,0,1
1311,February,25,2,2
1311,March,22,0,3
1311,April,21,1,3
1311,May,25,3,0
1311,June,25,2,1
1311,July,23,1,3
1311,August,20,3,3
1311,September,23,3,3
1311,October,26,2,2
1311,November,25,0,2
1311,December,21,2,1
1312,January,26,1,1
1312,February,26,0,1
1312,March,21,0,1
1312,April,25,1,1
1312,May,24,3,0
1312,June,23,0,1
1312,July,21,3,1
1312,August,21,1,1
1312,September,21,2,3
1312,October,24,1,3
1312,November,20,0,1
1312,December,20,3,3
1313,January,26,1,1
1313,February,24,1,1
1313,March,21,3,0
1313,April,26,0,3
1313,May,26,4,3
1313,June,22,1,1
1313,July,25,4,1
1313,August,20,3,3
1313,September,23,3,1
1313,October,26,2,0
1313,November,23,2,1
1313,December,26,1,3
1314,January,25,0,2
1314,February,20,4,1
1314,March,25,0,0
1314,April,20,2,3
1314,May,22,0,0
1314,June,22,0,1
1314,July,21,3,3
1314,August,25,2,0
1314,September,20,0,1
1314,October,24,0,0
1314,November,26,4,0
1314,December,21,2,1
1315,January,26,4,2
1315,February,24,0,1
1315,March,20,3,0
1315,April,20,0,1
1315,May,22,1,2
1315,June,21,0,2
1315,July,20,4,2
1315,August,20,1,3
1315,September,25,2,1
1315,October,21,4,1
1315,November,23,1,0
1315,December,25,1,0
1316,January,26,2,2
1316,February,25,3,3
1316,March,24,4,0
1316,April,25,1,1
1316,May,25,3,1
1316,June,25,1,2
1316,July,25,2,2
1316,August,24,3,1
1316,September,26,1,1
1316,October,24,1,2
1316,November,21,1,3
1316,December,21,0,1
1317,January,25,0,1
1317,February,24,3,2
1317,March,26,1,1
1317,April,20,2,2
1317,May,21,1,0
1317,June,23,3,0
1317,July,26,4,0
1317,August,21,2,0
1317,September,20,4,1
1317,October,26,3,3
1317,November,23,4,1
1317,December,24,3,2
1318,January,20,0,1
1318,February,22,3,2
1318,March,26,0,3
1318,April,21,1,2
1318,May,26,3,3
1318,June,26,3,1
1318,July,25,4,0
1318,August,25,1,3
1318,September,21,2,1
1318,October,20,4,0
1318,November,26,3,0
1318,December,22,2,1
1319,January,23,4,0
1319,February,21,4,1
1319,March,26,4,0
1319,April,21,2,1
1319,May,25,4,0
1319,June,26,2,0
1319,July,22,4,1
1319,August,26,2,0
1319,September,23,2,0
1319,October,20,3,1
1319,November,24,2,0
1319,December,25,0,1
1320,January,21,2,2
1320,February,20,4,1
1320,March,21,0,1
1320,April,21,1,3
1320,May,26,1,3
1320,June,21,0,3
1320,July,20,2,1
1320,August,21,4,0
1320,September,25,0,2
1320,October,20,1,3
1320,November,25,0,2
1320,December,21,2,3
1321,January,23,1,1
1321,February,26,0,3
1321,March,26,0,2
1321,April,20,4,3
1321,May,21,0,3
1321,June,24,1,0
1321,July,21,3,3
1321,August,22,1,3
1321,September,20,4,2
1321,October,21,3,2
1321,November,21,0,2
1321,December,21,2,3
1322,January,24,3,0
1322,February,22,2,2
1322,March,25,0,3
1322,April,24,4,3
1322,May,21,1,1
1322,June,24,1,0
1322,July,21,4,3
1322,August,21,0,1
1322,September,22,1,0
1322,October,24,4,2
1322,November,23,1,3
1322,December,21,2,3
1323,January,24,2,1
1323,February,20,3,2
1323,March,22,3,3
1323,April,21,3,0
1323,May,26,4,0
1323,June,25,1,0
1323,July,24,1,1
1323,August,24,1,2
1323,September,21,1,0
1323,October,21,2,1
1323,November,26,0,0
1323,December,21,1,0
1324,January,21,1,3
1324,February,20,0,2
1324,March,24,4,0
1324,April,21,2,1
1324,May,21,0,2
1324,June,26,1,3
1324,July,25,0,2
1324,August,26,4,2
1324,September,20,2,0
1324,October,20,4,3
1324,November,26,3,1
1324,December,23,2,2
1325,January,25,0,0
1325,February,22,4,2
1325,March,25,0,3
1325,April,23,2,3
1325,May,21,2,0
1325,June,26,3,2
1325,July,20,0,1
1325,August,21,1,0
1325,September,26,4,2
1325,October,22,2,1
1325,November,25,1,3
1325,December,26,3,3
1326,January,26,1,1
1326,February,20,0,2
1326,March,20,0,3
1326,April,20,2,1
1326,May,20,1,1
1326,June,21,2,0
1326,July,21,0,0
1326,August,23,2,0
1326,September,26,2,3
1326,October,20,2,0
1326,November,24,0,1
1326,December,23,3,3
1327,January,26,0,3
1327,February,23,3,0
1327,March,23,1,0
1327,April,20,0,2
1327,May,24,0,1
1327,June,22,4,2
1327,July,24,3,0
1327,August,22,3,0
1327,September,20,2,3
1327,October,23,2,3
1327,November,26,0,2
1327,December,22,1,1
1328,January,23,2,2
1328,February,20,0,2
1328,March,21,2,2
1328,April,21,3,2
1328,May,21,2,0
1328,June,22,4,2
1328,July,24,1,3
1328,August,25,4,2
1328,September,22,3,1
1328,October,20,3,2
1328,November,25,4,0
1328,December,22,0,0
1329,January,22,0,3
1329,February,22,4,0
1329,March,23,1,3
1329,April,20,0,1
1329,May,24,3,1
1329,June,24,2,3
1329,July,25,2,0
1329,August,23,0,2
1329,September,26,2,1
1329,October,25,0,1
1329,November,26,0,1
1329,December,26,3,2
1330,January,24,2,0
1330,February,20,1,3
1330,March,26,1,0
1330,April,26,0,3
1330,May,26,2,1
1330,June,22,0,3
1330,July,21,0,3
1330,August,20,2,3
1330,September,24,1,1
1330,October,26,4,2
1330,November,24,3,2
1330,December,24,4,0
1331,January,21,1,3
1331,February,24,2,2
1331,March,22,0,0
1331,April,23,3,3
1331,May,22,3,3
1331,June,22,4,2
1331,July,23,0,3
1331,August,26,1,3
1331,September,21,4,2
1331,October,20,0,0
1331,November,23,0,3
1331,December,26,0,3
1332,January,21,0,2
1332,February,25,4,2
1332,March,22,2,0
1332,April,23,3,2
1332,May,26,0,0
1332,June,20,4,1
1332,July,25,3,0
1332,August,25,4,2
1332,September,22,3,3
1332,October,21,2,3
1332,November,22,3,2
1332,December,25,0,3
1333,January,26,1,3
1333,February,20,3,2
1333,March,26,4,1
1333,April,23,3,3
1333,May,23,1,2
1333,June,22,1,3
1333,July,24,3,3
1333,August,22,2,1
1333,September,23,3,2
1333,October,25,1,2
1333,November,25,1,2
1333,December,25,3,1
1334,January,20,0,3
1334,February,24,0,1
1334,March,25,3,1
1334,April,20,2,1
1334,May,25,2,3
1334,June,21,3,0
1334,July,20,2,3
1334,August,22,0,3
1334,September,25,1,2
1334,October,23,3,3
1334,November,21,4,1
1334,December,26,2,3
1335,January,23,4,1
1335,February,21,0,3
1335,March,26,0,0
1335,April,22,2,2
1335,May,21,1,3
1335,June,21,3,0
1335,July,24,3,2
1335,August,24,1,0
1335,September,26,1,0
1335,October,23,1,0
1335,November,25,0,0
1335,December,24,0,0
1336,January,22,0,0
1336,February,22,4,3
1336,March,20,2,1
1336,April,20,1,0
1336,May,20,2,0
1336,June,20,1,2
1336,July,20,3,0
1336,August,21,2,2
1336,September,25,0,2
1336,October,21,2,0
1336,November,25,4,2
1336,December,25,1,1
1337,January,21,1,0
1337,February,23,4,0
1337,March,24,0,1
1337,April,26,1,3
1337,May,21,2,2
1337,June,21,4,2
1337,July,20,3,0
1337,August,26,2,2
1337,September,23,1,3
1337,October,22,0,2
1337,November,24,0,0
1337,December,25,4,1
1338,January,26,1,3
1338,February,21,3,2
1338,March,24,1,0
1338,April,21,1,3
1338,May,25,4,2
1338,June,24,2,2
1338,July,26,1,1
1338,August,20,2,0
1338,September,25,3,0
1338,October,25,1,2
1338,November,24,3,2
1338,December,24,0,1
1339,January,24,0,1
1339,February,23,4,2
1339,March,25,4,3
1339,April,22,0,0
1339,May,20,4,2
1339,June,24,1,2
1339,July,24,2,3
1339,August,20,3,1
1339,September,20,0,2
1339,October,22,2,3
1339,November,21,1,0
1339,December,24,1,1
1340,January,20,1,1
1340,February,20,2,0
1340,March,23,4,3
1340,April,25,3,0
1340,May,22,3,1
1340,June,22,0,2
1340,July,26,3,1
1340,August,23,1,3
1340,September,24,4,3
1340,October,25,0,2
1340,November,21,3,2
1340,December,26,2,3
1341,January,24,2,3
1341,February,23,1,1
1341,March,20,0,2
1341,April,23,1,2
1341,May,20,4,0
1341,June,25,3,1
1341,July,24,2,3
1341,August,21,0,1
1341,September,24,1,1
1341,October,20,2,0
1341,November,22,1,1
1341,December,24,3,3
1342,January,20,2,2
1342,February,24,0,1
1342,March,21,4,3
1342,April,26,4,2
1342,May,22,3,3
1342,June,22,1,3
1342,July,22,4,3
1342,August,24,1,3
1342,September,21,2,0
1342,October,25,1,0
1342,November,22,2,1
1342,December,23,2,0
1343,January,21,0,1
1343,February,26,0,3
1343,March,23,0,3
1343,April,24,4,1
1343,May,24,3,3
1343,June,24,0,2
1343,July,20,4,3
1343,August,20,0,2
1343,September,26,1,1
1343,October,24,2,1
1343,November,26,1,3
1343,December,23,4,1
1344,January,21,4,1
1344,February,21,0,1
1344,March,22,0,3
1344,April,24,4,3
1344,May,24,0,2
1344,June,25,3,1
1344,July,24,3,1
1344,August,26,2,1
1344,September,20,3,2
1344,October,20,4,3
1344,November,22,3,0
1344,December,23,3,1
1345,January,23,0,1
1345,February,21,4,1
1345,March,22,1,2
1345,April,20,4,1
1345,May,21,0,3
1345,June,25,4,2
1345,July,25,1,0
1345,August,21,2,0
1345,September,21,4,1
1345,October,21,3,0
1345,November,23,4,1
1345,December,22,1,1
1346,January,25,1,1
1346,February,26,0,3
1346,March,24,2,2
1346,April,20,1,3
1346,May,23,0,1
1346,June,20,3,2
1346,July,23,3,0
1346,August,23,0,1
1346,September,21,0,3
1346,October,20,0,0
1346,November,26,0,3
1346,December,25,4,0
1347,January,22,3,0
1347,February,22,0,0
1347,March,20,0,1
1347,April,25,2,1
1347,May,23,1,1
1347,June,21,4,2
1347,July,26,1,1
1347,August,23,2,3
1347,September,22,1,1
1347,October,25,2,3
1347,November,21,2,0
1347,December,20,0,3
1348,January,23,4,2
1348,February,23,1,3
1348,March,21,1,1
1348,April,26,2,2
1348,May,20,2,2
1348,June,22,1,3
1348,July,21,4,0
1348,August,25,1,1
1348,September,23,3,3
1348,October,21,2,2
1348,November,25,4,3
1348,December,23,0,2
1349,January,26,1,2
1349,February,24,3,3
1349,March,23,4,0
1349,April,22,4,0
1349,May,22,0,3
1349,June,25,0,0
1349,July,20,3,3
1349,August,24,0,2
1349,September,21,3,0
1349,October,20,2,3
1349,November,23,4,3
1349,December,24,3,3
1350,January,22,0,1
1350,February,22,4,0
1350,March,23,3,1
1350,April,22,4,1
1350,May,21,1,3
1350,June,23,2,1
1350,July,23,3,3
1350,August,21,2,0
1350,September,22,0,0
1350,October,22,1,1
1350,November,24,1,1
1350,December,22,4,2
1351,January,22,1,3
1351,February,20,2,1
1351,March,20,3,2
1351,April,20,0,0
1351,May,24,4,3
1351,June,22,2,0
1351,July,24,1,0
1351,August,25,2,3
1351,September,21,1,2
1351,October,26,3,3
1351,November,22,2,1
1351,December,22,1,0
1352,January,25,4,0
1352,February,23,2,2
1352,March,25,3,2
1352,April,22,4,2
1352,May,24,4,0
1352,June,22,3,1
1352,July,23,3,3
1352,August,24,2,2
1352,September,20,2,0
1352,October,23,0,1
1352,November,24,2,0
1352,December,25,1,0
1353,January,23,2,0
1353,February,24,4,0
1353,March,23,3,1
1353,April,23,2,0
1353,May,26,1,0
1353,June,21,4,2
1353,July,21,1,0
1353,August,20,4,3
1353,September,26,4,2
1353,October,25,4,1
1353,November,22,0,1
1353,December,21,0,1
1354,January,24,0,3
1354,February,25,2,1
1354,March,22,3,0
1354,April,26,2,2
1354,May,21,1,3
1354,June,24,3,1
1354,July,22,3,1
1354,August,22,2,1
1354,September,20,4,0
1354,October,26,1,1
1354,November,24,4,1
1354,December,21,2,2
1355,January,22,0,2
1355,February,22,3,1
1355,March,23,2,1
1355,April,23,1,0
1355,May,21,4,0
1355,June,26,4,3
1355,July,22,3,2
1355,August,26,0,2
1355,September,26,0,2
1355,October,26,0,0
1355,November,25,2,3
1355,December,21,3,0
1356,January,24,2,3
1356,February,21,3,3
1356,March,26,2,1
1356,April,22,2,0
1356,May,23,0,0
1356,June,22,1,0
1356,July,23,0,0
1356,August,20,4,3
1356,September,26,1,0
1356,October,26,3,3
1356,November,21,0,0
1356,December,22,0,1
1357,January,24,1,1
1357,February,26,3,1
1357,March,23,0,1
1357,April,20,1,3
1357,May,21,3,1
1357,June,22,4,3
1357,July,23,4,0
1357,August,25,4,1
1357,September,26,2,1
1357,October,20,3,0
1357,November,24,0,2
1357,December,20,3,0
1358,January,26,1,2
1358,February,26,2,3
1358,March,24,1,2
1358,April,22,1,2
1358,May,20,0,1
1358,June,20,3,1
1358,July,20,0,1
1358,August,25,3,3
1358,September,21,3,1
1358,October,23,3,3
1358,November,25,1,3
1358,December,23,3,0
1359,January,25,4,3
1359,February,23,1,0
1359,March,21,2,3
1359,April,21,0,1
1359,May,26,1,0
1359,June,24,4,1
1359,July,24,2,0
1359,August,21,1,3
1359,September,25,1,3
1359,October,21,1,1
1359,November,23,0,1
1359,December,21,0,0
1360,January,25,1,0
1360,February,20,1,0
1360,March,26,2,2
1360,April,24,4,2
1360,May,26,2,2
1360,June,26,3,1
1360,July,21,1,2
1360,August,20,0,3
1360,September,20,0,2
1360,October,20,3,2
1360,November,24,0,2
1360,December,23,3,1
1361,January,25,0,3
1361,February,25,2,0
1361,March,23,0,1
1361,April,22,2,3
1361,May,25,4,0
1361,June,20,3,2
1361,July,20,3,0
1361,August,25,3,2
1361,September,20,1,2
1361,October,21,3,1
1361,November,25,0,2
1361,December,24,0,0
1362,January,24,1,1
1362,February,22,3,0
1362,March,22,0,2
1362,April,22,3,3
1362,May,23,2,3
1362,June,25,1,3
1362,July,22,4,1
1362,August,26,2,3
1362,September,25,0,2
1362,October,23,2,2
1362,November,22,1,0
1362,December,25,1,0
1363,January,25,2,0
1363,February,24,0,1
1363,March,22,3,3
1363,April,26,4,2
1363,May,25,2,3
1363,June,20,3,1
1363,July,25,2,0
1363,August,24,2,1
1363,September,26,0,3
1363,October,26,1,0
1363,November,21,2,0
1363,December,23,1,3
1364,January,26,4,0
1364,February,20,1,2
1364,March,21,1,2
1364,April,25,3,1
1364,May,24,0,3
1364,June,20,1,2
1364,July,21,3,1
1364,August,23,1,3
1364,September,22,3,3
1364,October,25,3,0
1364,November,25,0,1
1364,December,26,4,3
1365,January,21,2,2
1365,February,20,4,2
1365,March,21,4,1
1365,April,20,4,2
1365,May,20,2,1
1365,June,23,3,2
1365,July,22,1,0
1365,August,24,1,2
1365,September,22,4,0
1365,October,22,3,0
1365,November,21,4,0
1365,December,20,3,1
1366,January,26,2,3
1366,February,25,1,2
1366,March,25,1,0
1366,April,23,3,2
1366,May,23,1,1
1366,June,22,1,1
1366,July,24,2,3
1366,August,23,4,3
1366,September,25,2,2
1366,October,26,0,2
1366,November,22,4,2
1366,December,21,1,2
1367,January,21,4,0
1367,February,24,0,1
1367,March,25,1,2
1367,April,22,0,1
1367,May,25,4,2
1367,June,25,1,3
1367,July,21,3,1
1367,August,21,4,0
1367,September,25,4,0
1367,October,26,1,2
1367,November,25,0,0
1367,December,20,1,1
1368,January,23,1,1
1368,February,25,0,3
1368,March,20,0,2
1368,April,20,3,3
1368,May,23,3,2
1368,June,21,1,0
1368,July,25,1,0
1368,August,24,4,0
1368,September,25,0,0
1368,October,26,4,3
1368,November,24,4,0
1368,December,25,0,3
1369,January,22,3,2
1369,February,23,3,2
1369,March,22,2,3
1369,April,22,2,1
1369,May,26,1,3
1369,June,23,2,0
1369,July,25,2,3
1369,August,24,3,1
1369,September,23,0,0
1369,October,25,0,1
1369,November,26,1,1
1369,December,23,2,2
1370,January,20,3,3
1370,February,20,4,3
1370,March,20,1,3
1370,April,26,4,3
1370,May,22,3,1
1370,June,24,1,1
1370,July,25,2,1
1370,August,20,1,2
1370,September,21,0,1
1370,October,24,4,1
1370,November,24,2,0
1370,December,24,4,3
1371,January,25,0,3
1371,February,22,0,1
1371,March,25,0,2
1371,April,22,2,3
1371,May,21,4,1
1371,June,21,1,3
1371,July,23,3,3
1371,August,22,1,0
1371,September,22,3,0
1371,October,20,1,3
1371,November,20,2,0
1371,December,24,0,1
1372,January,20,3,1
1372,February,20,2,1
1372,March,25,1,2
1372,April,24,0,0
1372,May,20,3,3
1372,June,26,4,3
1372,July,20,1,0
1372,August,25,1,2
1372,September,23,2,2
1372,October,21,0,1
1372,November,22,0,1
1372,December,24,3,2
1373,January,23,2,1
1373,February,21,4,2
1373,March,20,3,1
1373,April,25,0,0
1373,May,21,4,3
1373,June,23,1,1
1373,July,24,0,3
1373,August,22,0,1
1373,September,25,3,3
1373,October,23,4,0
1373,November,23,4,1
1373,December,22,3,0
1374,January,22,0,2
1374,February,24,1,2
1374,March,23,4,2
1374,April,22,4,0
1374,May,20,3,0
1374,June,20,3,3
1374,July,24,0,0
1374,August,26,2,2
1374,September,22,4,0
1374,October,22,0,0
1374,November,21,3,3
1374,December,23,0,3
1375,January,23,0,0
1375,February,25,4,1
1375,March,25,0,3
1375,April,20,3,0
1375,May,24,3,0
1375,June,25,0,0
1375,July,25,0,1
1375,August,20,0,1
1375,September,20,2,1
1375,October,25,3,2
1375,November,25,0,1
1375,December,24,0,2
1376,January,23,0,2
1376,February,24,0,2
1376,March,25,1,1
1376,April,20,2,0
1376,May,20,1,0
1376,June,26,3,1
1376,July,21,2,2
1376,August,26,0,3
1376,September,24,1,0
1376,October,23,2,3
1376,November,26,0,1
1376,December,20,4,0
1377,January,22,2,2
1377,February,26,3,1
1377,March,22,4,2
1377,April,21,2,3
1377,May,21,4,3
1377,June,23,4,3
1377,July,22,2,2
1377,August,20,1,3
1377,September,26,4,0
1377,October,26,0,0
1377,November,23,1,3
1377,December,26,2,3
1378,January,24,4,0
1378,February,22,4,3
1378,March,24,1,0
1378,April,20,3,2
1378,May,21,3,2
1378,June,21,3,3
1378,July,25,1,0
1378,August,23,4,1
1378,September,21,0,1
1378,October,24,4,3
1378,November,20,2,0
1378,December,20,1,3
1379,January,24,3,2
1379,February,24,0,2
1379,March,23,3,3
1379,April,26,2,1
1379,May,20,4,1
1379,June,20,0,3
1379,July,26,3,3
1379,August,25,1,1
1379,September,21,4,3
1379,October,22,0,0
1379,November,21,1,1
1379,December,20,2,0
1380,January,20,0,3
1380,February,20,4,1
1380,March,25,0,1
1380,April,24,1,3
1380,May,25,1,2
1380,June,24,0,1
1380,July,24,2,1
1380,August,22,2,1
1380,September,20,1,3
1380,October,20,2,2
1380,November,22,4,2
1380,December,24,2,1
1381,January,24,0,2
1381,February,23,4,1
1381,March,22,4,1
1381,April,21,4,1
1381,May,20,4,2
1381,June,23,2,1
1381,July,24,4,1
1381,August,21,2,2
1381,September,25,0,1
1381,October,26,2,3
1381,November,22,0,3
1381,December,25,2,1
1382,January,26,1,2
1382,February,25,2,3
1382,March,24,2,3
1382,April,24,4,3
1382,May,24,1,1
1382,June,25,2,3
1382,July,22,1,2
1382,August,23,3,2
1382,September,23,2,1
1382,October,21,1,2
1382,November,22,1,2
1382,December,24,2,3
1383,January,21,0,2
1383,February,20,3,2
1383,March,25,0,2
1383,April,24,4,2
1383,May,25,4,0
1383,June,23,0,2
1383,July,26,1,3
1383,August,25,2,1
1383,September,22,3,0
1383,October,25,0,1
1383,November,20,3,1
1383,December,20,4,1
1384,January,22,4,3
1384,February,25,2,2
1384,March,21,2,3
1384,April,20,4,1
1384,May,20,3,2
1384,June,26,2,1
1384,July,23,3,3
1384,August,23,4,3
1384,September,21,4,3
1384,October,21,3,1
1384,November,24,0,0
1384,December,24,1,2
1385,January,25,3,0
1385,February,22,2,0
1385,March,21,4,0
1385,April,21,0,1
1385,May,21,4,2
1385,June,26,1,2
1385,July,25,1,3
1385,August,20,2,3
1385,September,23,3,2
1385,October,20,3,3
1385,November,23,0,0
1385,December,25,0,2
1386,January,20,0,0
1386,February,22,3,2
1386,March,26,0,3
1386,April,25,0,2
1386,May,26,2,0
1386,June,21,1,3
1386,July,24,4,3
1386,August,21,2,2
1386,September,23,2,1
1386,October,20,2,3
1386,November,26,4,3
1386,December,21,3,0
1387,January,20,4,1
1387,February,24,2,2
1387,March,22,3,3
1387,April,26,2,2
1387,May,26,1,0
1387,June,21,4,1
1387,July,20,1,3
1387,August,23,0,1
1387,September,22,4,1
1387,October,23,3,1
1387,November,23,2,1
1387,December,24,2,3
1388,January,21,4,0
1388,February,25,0,1
1388,March,21,2,3
1388,April,23,1,1
1388,May,26,4,2
1388,June,21,4,3
1388,July,22,3,2
1388,August,21,2,1
1388,September,22,1,2
1388,October,26,4,3
1388,November,25,4,1
1388,December,20,1,1
1389,January,23,3,1
1389,February,20,2,2
1389,March,21,0,0
1389,April,24,4,0
1389,May,21,1,1
1389,June,25,2,2
1389,July,21,2,1
1389,August,20,4,2
1389,September,25,0,1
1389,October,22,4,1
1389,November,20,0,0
1389,December,22,3,0
1390,January,22,4,1
1390,February,25,1,0
1390,March,20,4,1
1390,April,25,1,1
1390,May,24,3,2
1390,June,21,2,2
1390,July,20,1,0
1390,August,22,1,2
1390,September,23,3,2
1390,October,24,1,3
1390,November,21,4,0
1390,December,22,2,3
1391,January,24,1,0
1391,February,21,1,1
1391,March,22,0,3
1391,April,21,4,3
1391,May,22,2,1
1391,June,20,1,0
1391,July,21,4,1
1391,August,22,4,3
1391,September,20,0,0
1391,October,24,4,3
1391,November,20,4,1
1391,December,26,3,0
1392,January,24,0,1
1392,February,21,3,2
1392,March,23,3,2
1392,April,21,1,3
1392,May,24,0,0
1392,June,23,0,3
1392,July,23,3,3
1392,August,26,1,0
1392,September,21,1,0
1392,October,20,4,3
1392,November,26,1,1
1392,December,21,0,0
1393,January,25,4,3
1393,February,23,1,3
1393,March,22,3,2
1393,April,20,4,2
1393,May,23,3,3
1393,June,26,3,1
1393,July,23,1,3
1393,August,25,3,3
1393,September,21,1,0
1393,October,20,3,2
1393,November,26,2,0
1393,December,20,1,0
1394,January,21,2,3
1394,February,24,1,3
1394,March,25,3,2
1394,April,21,3,0
1394,May,20,1,3
1394,June,23,1,2
1394,July,25,1,0
1394,August,23,2,1
1394,September,26,1,0
1394,October,26,0,3
1394,November,21,1,1
1394,December,25,3,1
1395,January,20,0,2
1395,February,20,0,0
1395,March,24,1,2
1395,April,20,1,1
1395,May,22,1,3
1395,June,25,3,1
1395,July,23,4,3
1395,August,25,4,1
1395,September,26,0,0
1395,October,22,2,3
1395,November,20,4,2
1395,December,20,4,1
1396,January,20,0,1
1396,February,25,2,3
1396,March,21,1,1
1396,April,20,3,1
1396,May,24,4,2
1396,June,26,4,0
1396,July,20,0,1
1396,August,21,0,1
1396,September,23,4,1
1396,October,25,0,2
1396,November,24,0,0
1396,December,23,4,2
1397,January,22,4,1
1397,February,25,1,1
1397,March,20,0,2
1397,April,23,2,3
1397,May,26,1,1
1397,June,26,3,1
1397,July,24,3,2
1397,August,20,4,0
1397,September,23,4,1
1397,October,20,0,2
1397,November,24,4,3
1397,December,21,4,3
1398,January,25,1,2
1398,February,23,4,0
1398,March,24,2,1
1398,April,20,1,1
1398,May,25,0,3
1398,June,24,1,3
1398,July,21,4,0
1398,August,20,2,0
1398,September,24,4,1
1398,October,22,3,2
1398,November,23,2,3
1398,December,25,1,2
1399,January,23,3,2
1399,February,22,4,1
1399,March,22,0,2
1399,April,21,0,3
1399,May,23,4,0
1399,June,25,1,0
1399,July,23,4,3
1399,August,20,4,3
1399,September,21,1,0
1399,October,20,2,2
1399,November,22,0,2
1399,December,23,4,1
1400,January,24,2,2
1400,February,20,4,2
1400,March,20,4,2
1400,April,21,2,0
1400,May,24,3,3
1400,June,25,4,1
1400,July,21,3,0
1400,August,22,2,3
1400,September,25,0,0
1400,October,26,3,3
1400,November,20,0,0
1400,December,24,2,0
1401,January,25,0,1
1401,February,20,0,3
1401,March,21,2,0
1401,April,24,3,3
1401,May,26,4,1
1401,June,26,2,1
1401,July,25,4,1
1401,August,22,1,3
1401,September,22,1,2
1401,October,22,3,3
1401,November,25,4,2
1401,December,25,4,0
1402,January,26,4,0
1402,February,25,4,3
1402,March,23,3,3
1402,April,20,1,3
1402,May,21,2,2
1402,June,21,0,1
1402,July,20,0,0
1402,August,22,4,2
1402,September,20,2,3
1402,October,21,3,1
1402,November,20,4,0
1402,December,22,3,1
1403,January,25,4,2
1403,February,22,3,0
1403,March,22,3,3
1403,April,22,1,0
1403,May,20,0,0
1403,June,25,4,1
1403,July,22,4,2
1403,August,24,2,2
1403,September,24,3,2
1403,October,20,4,1
1403,November,22,1,2
1403,December,25,4,1
1404,January,22,1,1
1404,February,22,0,3
1404,March,25,0,0
1404,April,21,0,2
1404,May,26,2,1
1404,June,21,3,1
1404,July,26,1,2
1404,August,20,3,1
1404,September,22,1,3
1404,October,24,0,0
1404,November,24,0,3
1404,December,25,2,3
1405,January,20,2,3
1405,February,23,1,1
1405,March,24,3,0
1405,April,24,4,0
1405,May,23,3,2
1405,June,26,0,2
1405,July,20,0,1
1405,August,20,1,3
1405,September,25,0,3
1405,October,24,3,3
1405,November,24,4,1
1405,December,22,4,2
1406,January,22,3,3
1406,February,25,3,1
1406,March,23,3,0
1406,April,26,3,3
1406,May,26,4,2
1406,June,22,1,2
1406,July,25,4,2
1406,August,24,1,1
1406,September,24,4,2
1406,October,23,2,1
1406,November,24,2,1
1406,December,23,1,3
1407,January,21,2,0
1407,February,20,4,2
1407,March,23,1,0
1407,April,22,1,0
1407,May,22,3,1
1407,June,26,0,3
1407,July,20,1,2
1407,August,23,1,1
1407,September,23,1,3
1407,October,20,2,1
1407,November,21,4,2
1407,December,20,1,0
1408,January,22,2,1
1408,February,25,4,1
1408,March,20,3,0
1408,April,24,3,3
1408,May,22,0,2
1408,June,20,3,2
1408,July,22,3,3
1408,August,22,4,3
1408,September,23,1,0
1408,October,22,3,3
1408,November,23,1,0
1408,December,23,2,3
1409,January,24,0,2
1409,February,21,0,0
1409,March,21,0,1
1409,April,20,1,2
1409,May,25,3,2
1409,June,21,0,3
1409,July,26,1,2
1409,August,24,4,3
1409,September,20,2,0
1409,October,21,0,1
1409,November,24,4,0
1409,December,21,1,3
1410,January,26,2,0
1410,February,26,1,1
1410,March,26,3,3
1410,April,25,3,2
1410,May,26,3,1
1410,June,24,3,1
1410,July,23,1,2
1410,August,21,4,1
1410,September,23,3,1
1410,October,20,4,3
1410,November,24,0,1
1410,December,24,1,2
1411,January,21,2,3
1411,February,21,0,1
1411,March,25,1,0
1411,April,20,1,1
1411,May,26,1,3
1411,June,22,1,2
1411,July,20,0,2
1411,August,22,4,2
1411,September,22,1,0
1411,October,25,1,1
1411,November,22,4,3
1411,December,20,2,1
1412,January,20,2,1
1412,February,21,0,2
1412,March,21,0,3
1412,April,20,2,1
1412,May,23,1,2
1412,June,25,2,0
1412,July,24,0,3
1412,August,21,1,3
1412,September,21,3,3
1412,October,26,2,0
1412,November,24,0,2
1412,December,21,3,1
1413,January,24,3,2
1413,February,23,0,0
1413,March,21,0,3
1413,April,20,0,0
1413,May,20,1,2
1413,June,26,4,1
1413,July,24,1,0
1413,August,25,1,3
1413,September,25,0,1
1413,October,26,0,1
1413,November,26,2,1
1413,December,24,0,0
1414,January,23,1,1
1414,February,24,2,1
1414,March,26,4,1
1414,April,20,1,0
1414,May,23,4,3
1414,June,21,3,3
1414,July,25,2,2
1414,August,21,4,0
1414,September,20,3,3
1414,October,25,0,1
1414,November,23,3,0
1414,December,23,3,3
1415,January,20,4,1
1415,February,25,0,2
1415,March,26,1,0
1415,April,21,4,1
1415,May,24,1,2
1415,June,24,1,3
1415,July,24,3,1
1415,August,25,4,2
1415,September,26,2,3
1415,October,21,2,0
1415,November,20,1,3
1415,December,21,4,0
1416,January,26,3,0
1416,February,24,1,1
1416,March,22,1,3
1416,April,25,1,0
1416,May,26,4,0
1416,June,20,3,3
1416,July,20,4,0
1416,August,22,0,2
1416,September,22,0,3
1416,October,20,0,3
1416,November,26,3,1
1416,December,25,2,3
1417,January,26,0,0
1417,February,21,0,1
1417,March,25,3,2
1417,April,21,0,2
1417,May,20,1,3
1417,June,24,2,3
1417,July,20,0,0
1417,August,22,0,1
1417,September,23,4,2
1417,October,21,2,0
1417,November,20,3,1
1417,December,23,1,1
1418,January,24,3,0
1418,February,25,3,1
1418,March,20,1,2
1418,April,21,1,2
1418,May,22,2,2
1418,June,20,2,3
1418,July,21,1,2
1418,August,22,3,3
1418,September,23,2,2
1418,October,25,4,2
1418,November,26,4,0
1418,December,20,0,1
1419,January,25,1,2
1419,February,21,4,2
1419,March,23,1,2
1419,April,20,3,3
1419,May,23,4,1
1419,June,20,1,2
1419,July,20,0,1
1419,August,20,2,3
1419,September,25,0,3
1419,October,20,4,3
1419,November,22,4,3
1419,December,22,0,3
1420,January,22,0,3
1420,February,23,0,3
1420,March,21,0,3
1420,April,24,2,2
1420,May,23,2,0
1420,June,25,1,0
1420,July,22,2,3
1420,August,22,4,0
1420,September,26,2,1
1420,October,21,0,1
1420,November,20,2,1
1420,December,26,4,1
1421,January,21,2,2
1421,February,23,3,3
1421,March,21,0,1
1421,April,23,4,3
1421,May,23,0,3
1421,June,20,2,1
1421,July,26,1,3
1421,August,23,0,0
1421,September,20,4,3
1421,October,22,2,0
1421,November,26,1,0
1421,December,24,1,1
1422,January,25,1,2
1422,February,23,4,1
1422,March,24,4,0
1422,April,20,3,2
1422,May,24,2,3
1422,June,22,1,0
1422,July,23,1,3
1422,August,25,3,0
1422,September,23,2,2
1422,October,22,4,0
1422,November,23,0,3
1422,December,26,2,3
1423,January,24,2,1
1423,February,25,0,2
1423,March,26,1,1
1423,April,26,3,1
1423,May,25,2,3
1423,June,25,1,3
1423,July,21,0,2
1423,August,21,2,1
1423,September,20,4,0
1423,October,23,2,3
1423,November,25,2,2
1423,December,22,2,0
1424,January,21,3,2
1424,February,22,4,1
1424,March,26,3,3
1424,April,21,2,3
1424,May,24,4,2
1424,June,23,3,0
1424,July,20,1,2
1424,August,22,1,2
1424,September,22,0,3
1424,October,21,2,2
1424,November,22,4,3
1424,December,23,3,1
1425,January,25,0,3
1425,February,22,2,1
1425,March,20,1,0
1425,April,24,1,0
1425,May,21,1,3
1425,June,22,3,1
1425,July,23,1,1
1425,August,21,2,2
1425,September,25,4,3
1425,October,23,3,1
1425,November,23,0,1
1425,December,21,3,1
1426,January,22,2,1
1426,February,25,4,2
1426,March,21,3,2
1426,April,23,2,3
1426,May,21,1,2
1426,June,22,2,3
1426,July,23,2,1
1426,August,21,3,0
1426,September,25,0,1
1426,October,23,4,3
1426,November,25,0,2
1426,December,22,0,0
1427,January,25,4,1
1427,February,22,3,0
1427,March,26,3,0
1427,April,23,2,1
1427,May,20,1,1
1427,June,21,0,1
1427,July,21,4,2
1427,August,22,3,1
1427,September,21,1,3
1427,October,25,0,0
1427,November,20,3,2
1427,December,25,3,0
1428,January,23,3,2
1428,February,20,1,1
1428,March,21,3,3
1428,April,26,4,0
1428,May,23,2,3
1428,June,21,2,3
1428,July,25,3,0
1428,August,23,2,1
1428,September,25,1,2
1428,October,21,3,3
1428,November,23,2,0
1428,December,26,3,2
1429,January,24,0,0
1429,February,20,3,1
1429,March,25,3,2
1429,April,25,2,2
1429,May,21,2,0
1429,June,23,1,0
1429,July,20,4,1
1429,August,22,4,1
1429,September,21,3,3
1429,October,23,0,1
1429,November,20,2,0
1429,December,22,4,0
1430,January,21,4,1
1430,February,24,4,1
1430,March,20,4,1
1430,April,24,2,0
1430,May,24,4,1
1430,June,20,3,0
1430,July,24,4,2
1430,August,25,1,2
1430,September,24,3,0
1430,October,23,3,1
1430,November,25,0,1
1430,December,25,3,2
1431,January,22,4,3
1431,February,24,1,0
1431,March,24,4,2
1431,April,25,1,0
1431,May,21,4,2
1431,June,23,3,3
1431,July,20,2,1
1431,August,23,3,2
1431,September,21,2,1
1431,October,25,3,3
1431,November,25,1,1
1431,December,23,4,2
1432,January,20,2,3
1432,February,20,4,3
1432,March,25,0,2
1432,April,24,4,2
1432,May,21,3,3
1432,June,26,4,2
1432,July,21,0,2
1432,August,25,4,0
1432,September,23,3,3
1432,October,20,3,1
1432,November,23,2,0
1432,December,24,0,2
1433,January,23,3,2
1433,February,21,3,0
1433,March,20,3,1
1433,April,21,2,0
1433,May,24,0,3
1433,June,25,0,0
1433,July,25,1,3
1433,August,26,3,3
1433,September,20,3,2
1433,October,26,0,3
1433,November,22,2,1
1433,December,20,2,0
1434,January,22,1,3
1434,February,26,0,0
1434,March,24,4,1
1434,April,22,4,0
1434,May,21,2,3
1434,June,21,2,2
1434,July,20,0,2
1434,August,20,3,3
1434,September,24,4,2
1434,October,25,2,0
1434,November,25,4,0
1434,December,24,1,3
1435,January,21,4,0
1435,February,20,0,3
1435,March,20,1,2
1435,April,21,1,0
1435,May,20,1,0
1435,June,20,1,1
1435,July,24,0,3
1435,August,23,2,2
1435,September,24,3,1
1435,October,24,0,3
1435,November,24,1,2
1435,December,24,4,2
1436,January,21,4,2
1436,February,25,1,1
1436,March,20,4,1
1436,April,26,2,1
1436,May,20,3,1
1436,June,24,3,1
1436,July,23,1,1
1436,August,21,1,0
1436,September,20,2,2
1436,October,23,2,1
1436,November,26,0,1
1436,December,21,0,0
1437,January,20,3,2
1437,February,23,1,2
1437,March,25,4,0
1437,April,26,3,3
1437,May,22,0,1
1437,June,24,0,1
1437,July,26,3,0
1437,August,25,1,2
1437,September,20,0,3
1437,October,21,3,0
1437,November,24,4,0
1437,December,25,2,3
1438,January,23,0,2
1438,February,21,0,0
1438,March,26,4,2
1438,April,21,2,2
1438,May,24,0,0
1438,June,24,1,3
1438,July,20,0,3
1438,August,23,4,3
1438,September,23,1,2
1438,October,23,4,3
1438,November,26,1,2
1438,December,22,3,3
1439,January,21,4,1
1439,February,20,2,0
1439,March,26,4,3
1439,April,23,2,1
1439,May,22,2,3
1439,June,23,0,0
1439,July,22,1,1
1439,August,23,2,3
1439,September,22,2,2
1439,October,25,0,3
1439,November,26,1,0
1439,December,20,1,3
1440,January,23,0,3
1440,February,26,0,1
1440,March,24,1,3
1440,April,23,3,0
1440,May,20,0,0
1440,June,20,4,0
1440,July,26,2,1
1440,August,24,4,1
1440,September,23,2,2
1440,October,23,4,2
1440,November,21,1,0
1440,December,22,0,2
1441,January,25,2,2
1441,February,22,4,0
1441,March,24,0,0
1441,April,26,4,1
1441,May,20,0,3
1441,June,22,0,1
1441,July,25,3,0
1441,August,21,1,0
1441,September,20,1,0
1441,October,25,2,2
1441,November,25,0,2
1441,December,22,2,0
1442,January,25,3,3
1442,February,24,0,0
1442,March,21,0,1
1442,April,26,0,2
1442,May,20,2,1
1442,June,26,2,2
1442,July,26,1,0
1442,August,21,4,1
1442,September,20,4,1
1442,October,23,3,2
1442,November,22,0,3
1442,December,20,2,1
1443,January,20,2,2
1443,February,22,2,3
1443,March,26,1,2
1443,April,23,3,3
1443,May,25,1,2
1443,June,26,1,0
1443,July,26,0,1
1443,August,24,0,0
1443,September,26,2,2
1443,October,26,0,1
1443,November,21,4,0
1443,December,21,2,1
1444,January,26,2,1
1444,February,26,1,3
1444,March,23,3,0
1444,April,22,2,1
1444,May,23,1,2
1444,June,23,1,3
1444,July,21,2,2
1444,August,26,1,2
1444,September,22,4,2
1444,October,23,3,3
1444,November,23,3,3
1444,December,21,4,1
1445,January,22,1,3
1445,February,21,0,0
1445,March,20,2,0
1445,April,23,2,0
1445,May,23,4,1
1445,June,21,0,2
1445,July,26,3,3
1445,August,20,4,3
1445,September,25,0,3
1445,October,23,2,1
1445,November,26,1,1
1445,December,23,4,3
1446,January,26,4,1
1446,February,23,1,0
1446,March,24,3,0
1446,April,22,1,1
1446,May,26,2,3
1446,June,23,0,0
1446,July,20,4,2
1446,August,21,2,0
1446,September,26,2,2
1446,October,22,3,3
1446,November,26,0,2
1446,December,20,4,0
1447,January,25,3,1
1447,February,25,3,3
1447,March,25,3,3
1447,April,21,4,3
1447,May,20,4,3
1447,June,22,3,3
1447,July,21,0,3
1447,August,23,4,0
1447,September,26,3,3
1447,October,26,4,1
1447,November,25,3,3
1447,December,20,0,2
1448,January,20,3,3
1448,February,26,1,3
1448,March,21,1,0
1448,April,24,0,3
1448,May,26,4,3
1448,June,25,1,1
1448,July,24,2,1
1448,August,26,1,3
1448,September,22,0,1
1448,October,25,4,0
1448,November,25,1,0
1448,December,22,1,2
1449,January,22,3,1
1449,February,25,4,3
1449,March,24,3,2
1449,April,25,1,3
1449,May,23,3,2
1449,June,24,2,1
1449,July,21,4,0
1449,August,23,2,1
1449,September,22,1,0
1449,October,24,3,2
1449,November,20,0,3
1449,December,20,1,3
1450,January,23,3,1
1450,February,23,1,3
1450,March,21,2,3
1450,April,26,2,3
1450,May,21,3,3
1450,June,23,4,1
1450,July,23,0,2
1450,August,20,2,3
1450,September,22,3,0
1450,October,21,4,1
1450,November,26,2,3
1450,December,25,2,3
1451,January,21,3,3
1451,February,22,3,3
1451,March,24,2,0
1451,April,20,3,1
1451,May,26,2,2
1451,June,21,2,0
1451,July,23,3,3
1451,August,23,3,1
1451,September,25,2,2
1451,October,24,1,1
1451,November,21,4,1
1451,December,21,4,1
1452,January,23,1,2
1452,February,23,4,0
1452,March,26,1,0
1452,April,26,0,2
1452,May,25,3,0
1452,June,23,4,1
1452,July,21,4,0
1452,August,23,4,1
1452,September,23,0,1
1452,October,24,0,3
1452,November,23,1,3
1452,December,26,2,1
1453,January,25,2,3
1453,February,26,4,2
1453,March,26,0,3
1453,April,21,1,1
1453,May,20,4,0
1453,June,25,2,3
1453,July,22,1,0
1453,August,24,0,0
1453,September,24,4,2
1453,October,22,4,3
1453,November,25,0,2
1453,December,23,2,3
1454,January,22,0,0
1454,February,23,1,0
1454,March,25,0,2
1454,April,26,0,1
1454,May,20,0,2
1454,June,22,3,2
1454,July,25,0,1
1454,August,23,4,0
1454,September,22,3,2
1454,October,24,4,1
1454,November,24,1,0
1454,December,25,1,3
1455,January,26,1,3
1455,February,24,1,1
1455,March,20,2,2
1455,April,20,4,1
1455,May,22,2,3
1455,June,25,4,3
1455,July,20,4,3
1455,August,22,0,2
1455,September,26,3,2
1455,October,23,4,3
1455,November,26,3,2
1455,December,21,4,2
1456,January,22,0,0
1456,February,23,0,1
1456,March,25,2,1
1456,April,20,2,1
1456,May,23,0,3
1456,June,21,1,1
1456,July,21,0,2
1456,August,21,2,3
1456,September,20,4,0
1456,October,20,3,3
1456,November,24,3,0
1456,December,22,1,3
1457,January,21,0,3
1457,February,26,3,2
1457,March,25,4,2
1457,April,26,0,0
1457,May,25,1,2
1457,June,21,3,0
1457,July,21,0,3
1457,August,22,0,3
1457,September,26,2,1
1457,October,20,2,1
1457,November,22,1,2
1457,December,22,2,0
1458,January,25,2,0
1458,February,23,0,0
1458,March,25,4,0
1458,April,21,2,0
1458,May,23,1,2
1458,June,21,1,1
1458,July,25,4,2
1458,August,25,0,1
1458,September,20,4,2
1458,October,23,2,3
1458,November,25,3,2
1458,December,24,0,1
1459,January,25,3,3
1459,February,23,2,3
1459,March,23,3,1
1459,April,22,3,2
1459,May,20,3,0
1459,June,26,0,1
1459,July,24,1,3
1459,August,21,4,1
1459,September,22,3,0
1459,October,26,4,2
1459,November,21,2,3
1459,December,23,2,1
1460,January,21,3,1
1460,February,24,0,0
1460,March,20,3,2
1460,April,22,4,1
1460,May,24,1,0
1460,June,22,4,1
1460,July,22,2,2
1460,August,20,3,3
1460,September,25,1,1
1460,October,20,3,0
1460,November,26,4,3
1460,December,23,0,3
1461,January,25,0,1
1461,February,20,1,1
1461,March,23,0,3
1461,April,20,3,0
1461,May,22,0,2
1461,June,25,4,0
1461,July,23,0,0
1461,August,23,0,2
1461,September,25,2,0
1461,October,20,1,3
1461,November,24,4,1
1461,December,21,3,2
1462,January,26,1,0
1462,February,23,4,0
1462,March,26,3,1
1462,April,21,4,1
1462,May,25,3,2
1462,June,25,3,1
1462,July,26,2,3
1462,August,22,4,1
1462,September,24,4,3
1462,October,23,1,2
1462,November,24,4,2
1462,December,24,1,3
1463,January,23,0,0
1463,February,20,2,0
1463,March,21,3,0
1463,April,23,2,3
1463,May,20,2,2
1463,June,23,0,3
1463,July,23,1,0
1463,August,20,4,3
1463,September,23,2,1
1463,October,20,1,3
1463,November,23,3,3
1463,December,25,1,0
1464,January,24,1,2
1464,February,21,0,1
1464,March,24,1,3
1464,April,23,4,1
1464,May,20,4,3
1464,June,20,1,3
1464,July,21,4,2
1464,August,22,0,1
1464,September,26,1,1
1464,October,23,1,1
1464,November,20,3,2
1464,December,20,4,2
1465,January,25,2,3
1465,February,23,3,2
1465,March,20,4,1
1465,April,24,3,1
1465,May,21,1,1
1465,June,22,4,3
1465,July,24,2,2
1465,August,21,1,2
1465,September,26,1,1
1465,October,20,2,0
1465,November,26,4,0
1465,December,20,1,0
1466,January,26,3,3
1466,February,25,0,0
1466,March,24,1,1
1466,April,22,3,0
1466,May,20,3,3
1466,June,23,3,1
1466,July,23,4,3
1466,August,24,3,2
1466,September,21,0,3
1466,October,24,0,0
1466,November,22,4,2
1466,December,25,1,0
1467,January,24,2,0
1467,February,24,3,2
1467,March,24,2,2
1467,April,25,4,3
1467,May,21,3,3
1467,June,26,3,0
1467,July,20,4,1
1467,August,25,1,0
1467,September,22,0,1
1467,October,24,4,1
1467,November,21,2,3
1467,December,26,4,2
1468,January,26,0,3
1468,February,21,0,0
1468,March,24,4,0
1468,April,25,0,3
1468,May,23,1,1
1468,June,24,1,1
1468,July,24,3,0
1468,August,21,1,1
1468,September,24,3,3
1468,October,24,4,1
1468,November,26,4,3
1468,December,20,2,0
1469,January,21,0,1
1469,February,20,4,2
1469,March,25,4,0
1469,April,22,2,2
1469,May,21,3,3
1469,June,26,3,2
1469,July,20,2,3
1469,August,21,4,2
1469,September,26,3,1
1469,October,22,0,1
1469,November,22,3,0
1469,December,23,4,2
1470,January,21,0,2
1470,February,21,0,3
1470,March,22,4,0
1470,April,21,2,0
1470,May,21,0,1
1470,June,21,4,3
1470,July,25,4,3
1470,August,23,4,2
1470,September,22,0,3
1470,October,23,1,0
1470,November,25,3,2
1470,December,22,2,1
1471,January,25,0,0
1471,February,26,1,0
1471,March,26,2,0
1471,April,20,1,1
1471,May,22,2,1
1471,June,20,2,3
1471,July,24,4,0
1471,August,24,1,3
1471,September,23,0,3
1471,October,21,3,2
1471,November,23,1,1
1471,December,24,1,3
1472,January,22,0,1
1472,February,23,3,1
1472,March,24,3,1
1472,April,21,4,2
1472,May,26,4,1
1472,June,22,2,0
1472,July,20,3,1
1472,August,22,2,3
1472,September,21,4,3
1472,October,22,2,1
1472,November,25,4,2
1472,December,24,2,2
1473,January,20,2,1
1473,February,23,2,0
1473,March,24,1,1
1473,April,26,1,3
1473,May,25,0,2
1473,June,20,0,2
1473,July,23,4,1
1473,August,21,4,3
1473,September,22,4,1
1473,October,22,1,3
1473,November,22,0,1
1473,December,22,0,0
1474,January,26,0,0
1474,February,24,1,0
1474,March,22,2,1
1474,April,26,4,2
1474,May,26,0,2
1474,June,26,0,0
1474,July,25,3,1
1474,August,20,0,1
1474,September,23,1,3
1474,October,26,3,1
1474,November,25,4,1
1474,December,25,2,3
1475,January,25,4,2
1475,February,21,2,2
1475,March,26,3,2
1475,April,21,1,3
1475,May,26,1,2
1475,June,21,3,2
1475,July,23,2,3
1475,August,20,3,1
1475,September,25,2,2
1475,October,23,3,2
1475,November,23,4,3
1475,December,20,4,3
1476,January,24,3,0
1476,February,20,0,1
1476,March,22,4,0
1476,April,24,3,3
1476,May,20,3,2
1476,June,23,2,3
1476,July,23,1,0
1476,August,21,4,3
1476,September,24,0,1
1476,October,21,1,0
1476,November,23,3,3
1476,December,24,3,0
1477,January,25,2,3
1477,February,26,1,1
1477,March,26,4,1
1477,April,25,3,2
1477,May,22,4,3
1477,June,21,0,3
1477,July,24,1,0
1477,August,21,2,1
1477,September,23,4,1
1477,October,22,4,2
1477,November,21,1,0
1477,December,23,0,0
1478,January,20,3,2
1478,February,20,4,3
1478,March,23,0,0
1478,April,25,2,1
1478,May,23,1,1
1478,June,20,2,2
1478,July,26,3,2
1478,August,24,2,1
1478,September,23,3,3
1478,October,26,4,1
1478,November,25,0,0
1478,December,25,2,0
1479,January,21,1,1
1479,February,24,1,1
1479,March,23,4,0
1479,April,23,2,0
1479,May,21,1,1
1479,June,25,2,1
1479,July,26,1,0
1479,August,21,0,0
1479,September,22,2,2
1479,October,26,4,2
1479,November,22,3,3
1479,December,20,3,1
1480,January,26,4,2
1480,February,26,2,2
1480,March,22,2,1
1480,April,23,4,2
1480,May,22,0,2
1480,June,25,0,1
1480,July,25,4,0
1480,August,21,2,2
1480,September,24,2,0
1480,October,21,4,1
1480,November,24,1,3
1480,December,21,2,3
1481,January,23,0,1
1481,February,23,0,3
1481,March,23,4,3
1481,April,20,1,2
1481,May,23,4,3
1481,June,24,3,2
1481,July,26,1,2
1481,August,26,2,1
1481,September,26,1,0
1481,October,22,3,3
1481,November,23,1,1
1481,December,25,2,3
1482,January,23,0,1
1482,February,23,3,2
1482,March,20,2,0
1482,April,22,2,3
1482,May,23,1,2
1482,June,25,2,2
1482,July,21,2,3
1482,August,26,1,3
1482,September,21,2,0
1482,October,21,1,2
1482,November,25,2,2
1482,December,22,3,3
1483,January,21,2,3
1483,February,22,4,2
1483,March,20,2,0
1483,April,21,2,2
1483,May,22,2,3
1483,June,25,0,1
1483,July,21,3,3
1483,August,24,1,3
1483,September,23,2,1
1483,October,22,2,3
1483,November,20,3,1
1483,December,20,3,1
1484,January,24,0,0
1484,February,20,3,3
1484,March,20,4,2
1484,April,21,3,2
1484,May,24,4,3
1484,June,23,0,3
1484,July,23,4,1
1484,August,26,3,3
1484,September,24,1,3
1484,October,23,1,0
1484,November,24,2,1
1484,December,26,4,3
1485,January,23,4,3
1485,February,20,2,0
1485,March,25,3,2
1485,April,21,4,0
1485,May,20,2,1
1485,June,21,0,3
1485,July,24,1,1
1485,August,22,4,3
1485,September,22,4,3
1485,October,25,0,1
1485,November,23,2,1
1485,December,25,1,3
1486,January,26,2,2
1486,February,20,0,1
1486,March,25,4,0
1486,April,26,2,0
1486,May,24,0,2
1486,June,26,4,3
1486,July,22,4,0
1486,August,21,1,1
1486,September,21,4,0
1486,October,21,4,2
1486,November,25,4,1
1486,December,24,1,3
1487,January,23,3,1
1487,February,21,0,2
1487,March,20,3,3
1487,April,24,2,3
1487,May,25,2,3
1487,June,23,0,1
1487,July,21,3,3
1487,August,22,1,2
1487,September,25,0,3
1487,October,22,0,0
1487,November,23,1,3
1487,December,21,1,1
1488,January,25,1,1
1488,February,24,2,0
1488,March,22,0,2
1488,April,24,2,1
1488,May,20,0,3
1488,June,23,2,3
1488,July,22,3,1
1488,August,20,0,0
1488,September,25,0,2
1488,October,26,4,3
1488,November,23,0,1
1488,December,20,1,1
1489,January,21,3,2
1489,February,24,2,3
1489,March,20,4,1
1489,April,23,2,2
1489,May,23,1,3
1489,June,23,0,0
1489,July,26,4,1
1489,August,24,4,1
1489,September,22,2,3
1489,October,23,4,3
1489,November,20,4,3
1489,December,21,1,1
1490,January,26,2,3
1490,February,22,0,3
1490,March,24,3,1
1490,April,20,0,0
1490,May,22,1,1
1490,June,26,4,2
1490,July,20,4,2
1490,August,22,1,0
1490,September,26,1,1
1490,October,21,2,3
1490,November,24,3,1
1490,December,24,3,1
1491,January,24,1,3
1491,February,20,2,0
1491,March,24,0,3
1491,April,24,3,0
1491,May,21,0,3
1491,June,23,3,0
1491,July,23,2,1
1491,August,21,0,0
1491,September,23,1,3
1491,October,23,4,1
1491,November,20,0,0
1491,December,25,2,3
1492,January,20,1,0
1492,February,20,0,3
1492,March,25,1,1
1492,April,24,1,0
1492,May,26,3,3
1492,June,25,1,1
1492,July,24,1,3
1492,August,24,4,2
1492,September,23,0,1
1492,October,25,4,2
1492,November,23,4,1
1492,December,20,2,3
1493,January,23,2,0
1493,February,20,2,0
1493,March,20,0,3
1493,April,26,3,1
1493,May,26,2,0
1493,June,25,1,1
1493,July,22,3,0
1493,August,24,3,2
1493,September,26,4,0
1493,October,20,0,2
1493,November,26,2,0
1493,December,24,3,1
1494,January,21,2,0
1494,February,21,4,1
1494,March,25,1,1
1494,April,22,0,1
1494,May,23,1,3
1494,June,23,3,2
1494,July,26,3,1
1494,August,23,2,2
1494,September,20,4,0
1494,October,24,3,3
1494,November,20,0,3
1494,December,21,1,3
1495,January,25,3,1
1495,February,24,3,2
1495,March,21,2,1
1495,April,26,3,2
1495,May,24,4,3
1495,June,21,3,3
1495,July,22,2,0
1495,August,25,0,0
1495,September,20,1,3
1495,October,24,1,3
1495,November,24,2,1
1495,December,25,1,2
1496,January,26,2,1
1496,February,21,4,0
1496,March,25,2,3
1496,April,22,1,1
1496,May,24,0,0
1496,June,22,4,1
1496,July,22,0,0
1496,August,25,2,3
1496,September,23,0,1
1496,October,21,1,0
1496,November,21,4,3
1496,December,20,2,0
1497,January,25,1,0
1497,February,20,3,2
1497,March,24,1,0
1497,April,26,3,2
1497,May,20,2,0
1497,June,23,2,2
1497,July,21,1,2
1497,August,20,1,2
1497,September,23,1,1
1497,October,24,2,1
1497,November,24,4,2
1497,December,21,0,1
1498,January,25,2,3
1498,February,22,1,0
1498,March,21,1,1
1498,April,26,3,3
1498,May,20,2,1
1498,June,26,0,1
1498,July,26,2,3
1498,August,22,4,1
1498,September,24,0,2
1498,October,20,3,0
1498,November,21,4,0
1498,December,26,1,3
1499,January,26,2,1
1499,February,24,2,1
1499,March,21,1,2
1499,April,23,2,0
1499,May,24,1,3
1499,June,20,2,2
1499,July,22,1,2
1499,August,23,2,1
1499,September,25,1,3
1499,October,22,4,0
1499,November,25,2,0
1499,December,22,2,3
1500,January,22,0,0
1500,February,21,1,0
1500,March,22,2,2
1500,April,22,4,1
1500,May,24,2,2
1500,June,23,2,2
1500,July,26,1,3
1500,August,25,3,2
1500,September,26,2,3
1500,October,20,0,1
1500,November,22,3,2
1500,December,24,1,0
1501,January,21,0,1
1501,February,25,3,0
1501,March,23,2,0
1501,April,26,1,0
1501,May,20,4,1
1501,June,22,0,2
1501,July,22,0,2
1501,August,20,3,2
1501,September,26,1,0
1501,October,23,4,2
1501,November,20,4,3
1501,December,24,4,0
1502,January,24,0,0
1502,February,25,0,2
1502,March,22,2,3
1502,April,21,2,1
1502,May,22,1,3
1502,June,20,4,1
1502,July,21,4,2
1502,August,20,0,2
1502,September,21,1,3
1502,October,21,2,0
1502,November,22,4,3
1502,December,25,1,2
1503,January,23,1,2
1503,February,20,1,0
1503,March,22,1,0
1503,April,21,1,1
1503,May,20,0,1
1503,June,22,0,1
1503,July,26,4,3
1503,August,26,3,1
1503,September,25,1,2
1503,October,23,3,1
1503,November,24,2,3
1503,December,24,0,2
1504,January,23,3,2
1504,February,20,2,0
1504,March,26,2,3
1504,April,21,2,0
1504,May,25,4,1
1504,June,20,4,2
1504,July,24,4,2
1504,August,22,4,2
1504,September,20,1,0
1504,October,23,3,0
1504,November,23,4,1
1504,December,24,0,3
1505,January,23,1,2
1505,February,26,1,0
1505,March,26,4,2
1505,April,20,2,3
1505,May,24,2,1
1505,June,21,2,2
1505,July,22,4,1
1505,August,26,2,1
1505,September,22,1,2
1505,October,22,2,2
1505,November,25,1,0
1505,December,23,4,3
1506,January,25,0,3
1506,February,23,4,2
1506,March,24,0,2
1506,April,20,2,2
1506,May,22,4,2
1506,June,25,4,3
1506,July,22,2,0
1506,August,24,0,1
1506,September,22,4,1
1506,October,25,4,0
1506,November,25,0,1
1506,December,26,3,1
1507,January,24,3,1
1507,February,26,2,1
1507,March,24,4,0
1507,April,26,0,1
1507,May,22,2,2
1507,June,24,3,1
1507,July,26,0,3
1507,August,24,0,2
1507,September,20,3,1
1507,October,26,4,2
1507,November,23,0,1
1507,December,26,0,3
1508,January,24,0,0
1508,February,22,2,0
1508,March,22,2,0
1508,April,20,2,0
1508,May,24,0,2
1508,June,25,1,1
1508,July,22,3,0
1508,August,20,4,0
1508,September,22,4,2
1508,October,23,2,3
1508,November,26,4,0
1508,December,25,3,0
1509,January,21,3,1
1509,February,21,4,3
1509,March,22,0,3
1509,April,23,2,1
1509,May,25,4,1
1509,June,22,2,0
1509,July,24,2,0
1509,August,23,0,2
1509,September,25,2,0
1509,October,25,0,0
1509,November,21,0,2
1509,December,20,1,2
1510,January,21,1,2
1510,February,20,2,1
1510,March,22,0,2
1510,April,25,3,2
1510,May,26,3,3
1510,June,21,3,1
1510,July,23,3,0
1510,August,24,4,1
1510,September,24,1,2
1510,October,21,1,3
1510,November,26,1,1
1510,December,26,0,1
1511,January,25,1,3
1511,February,24,2,0
1511,March,24,2,3
1511,April,24,4,2
1511,May,20,0,0
1511,June,25,2,1
1511,July,23,0,2
1511,August,23,0,0
1511,September,26,4,0
1511,October,25,2,3
1511,November,23,1,0
1511,December,26,4,3
1512,January,23,1,1
1512,February,22,1,0
1512,March,24,2,0
1512,April,25,4,2
1512,May,26,2,1
1512,June,26,0,0
1512,July,25,1,2
1512,August,24,1,3
1512,September,22,1,3
1512,October,22,3,3
1512,November,23,2,3
1512,December,22,0,3
1513,January,26,1,1
1513,February,26,1,3
1513,March,23,1,1
1513,April,22,0,2
1513,May,23,0,2
1513,June,26,4,2
1513,July,22,1,0
1513,August,24,1,3
1513,September,21,0,2
1513,October,20,4,3
1513,November,22,4,3
1513,December,26,1,1
1514,January,25,3,3
1514,February,24,1,2
1514,March,24,3,1
1514,April,26,4,1
1514,May,25,1,1
1514,June,24,4,0
1514,July,25,4,0
1514,August,20,3,2
1514,September,21,2,2
1514,October,23,0,0
1514,November,25,2,0
1514,December,26,1,1
1515,January,22,3,2
1515,February,22,3,3
1515,March,26,2,2
1515,April,22,4,2
1515,May,25,1,0
1515,June,22,4,0
1515,July,25,4,0
1515,August,21,1,1
1515,September,22,3,3
1515,October,22,4,3
1515,November,21,3,0
1515,December,23,2,3
1516,January,22,2,0
1516,February,21,1,3
1516,March,21,4,1
1516,April,20,1,2
1516,May,24,0,0
1516,June,21,1,0
1516,July,26,3,1
1516,August,20,1,0
1516,September,22,3,1
1516,October,22,2,0
1516,November,21,4,1
1516,December,25,1,0
1517,January,20,2,0
1517,February,25,4,0
1517,March,26,0,2
1517,April,23,2,2
1517,May,25,2,1
1517,June,25,4,3
1517,July,21,2,2
1517,August,20,0,2
1517,September,22,3,2
1517,October,23,1,3
1517,November,23,3,2
1517,December,21,1,2
1518,January,25,0,1
1518,February,22,3,2
1518,March,21,3,3
1518,April,21,2,0
1518,May,26,0,3
1518,June,26,4,3
1518,July,23,3,3
1518,August,22,3,0
1518,September,22,0,3
1518,October,26,0,3
1518,November,26,1,2
1518,December,20,0,0
1519,January,24,3,0
1519,February,24,0,2
1519,March,21,2,1
1519,April,20,1,2
1519,May,24,0,2
1519,June,21,3,3
1519,July,26,4,0
1519,August,20,0,2
1519,September,26,2,0
1519,October,26,4,1
1519,November,22,0,3
1519,December,23,3,1
1520,January,21,1,0
1520,February,24,4,0
1520,March,22,2,0
1520,April,23,1,1
1520,May,22,1,2
1520,June,22,4,1
1520,July,26,1,2
1520,August,23,0,2
1520,September,25,1,2
1520,October,24,2,3
1520,November,25,0,1
1520,December,22,1,0
1521,January,24,4,1
1521,February,23,3,2
1521,March,24,3,1
1521,April,21,0,1
1521,May,20,4,2
1521,June,21,3,3
1521,July,23,4,0
1521,August,22,0,3
1521,September,22,0,0
1521,October,23,3,0
1521,November,26,0,3
1521,December,23,1,2
1522,January,24,4,1
1522,February,24,2,3
1522,March,26,3,1
1522,April,20,4,3
1522,May,25,1,2
1522,June,23,2,2
1522,July,24,3,1
1522,August,22,0,3
1522,September,22,4,1
1522,October,22,1,2
1522,November,23,1,2
1522,December,22,4,1
1523,January,25,1,1
1523,February,22,1,0
1523,March,22,1,0
1523,April,20,2,3
1523,May,21,4,3
1523,June,25,0,2
1523,July,20,2,2
1523,August,22,3,1
1523,September,22,0,2
1523,October,23,2,1
1523,November,26,3,2
1523,December,23,3,3
1524,January,23,3,0
1524,February,21,0,0
1524,March,22,4,1
1524,April,22,2,1
1524,May,23,3,0
1524,June,26,4,3
1524,July,24,4,2
1524,August,26,0,2
1524,September,22,1,3
1524,October,20,1,3
1524,November,21,4,1
1524,December,22,2,3
1525,January,21,1,2
1525,February,21,3,0
1525,March,23,0,3
1525,April,24,2,1
1525,May,22,3,0
1525,June,20,1,2
1525,July,25,1,2
1525,August,25,1,2
1525,September,23,0,3
1525,October,21,4,0
1525,November,21,2,0
1525,December,21,4,0
1526,January,25,4,0
1526,February,24,3,0
1526,March,24,4,2
1526,April,24,3,2
1526,May,20,0,3
1526,June,20,1,3
1526,July,21,1,1
1526,August,22,4,1
1526,September,24,0,2
1526,October,25,2,2
1526,November,26,4,3
1526,December,20,1,0
1527,January,25,2,2
1527,February,20,4,3
1527,March,22,1,3
1527,April,23,2,0
1527,May,23,3,2
1527,June,22,4,3
1527,July,24,4,2
1527,August,20,4,2
1527,September,25,0,3
1527,October,26,1,2
1527,November,23,2,2
1527,December,26,2,0
1528,January,25,2,2
1528,February,26,0,3
1528,March,21,1,3
1528,April,21,0,2
1528,May,23,4,3
1528,June,23,4,0
1528,July,20,4,0
1528,August,20,1,0
1528,September,25,4,3
1528,October,22,0,2
1528,November,22,0,0
1528,December,26,0,2
1529,January,26,3,0
1529,February,20,4,0
1529,March,26,1,0
1529,April,25,1,2
1529,May,22,4,3
1529,June,26,3,2
1529,July,26,1,1
1529,August,22,3,1
1529,September,21,4,1
1529,October,25,3,2
1529,November,23,3,1
1529,December,21,0,1
1530,January,24,2,3
1530,February,20,3,3
1530,March,24,2,2
1530,April,25,0,0
1530,May,20,0,1
1530,June,21,1,3
1530,July,20,0,0
1530,August,20,0,1
1530,September,22,0,2
1530,October,24,4,2
1530,November,23,2,3
1530,December,21,2,1
1531,January,26,1,1
1531,February,24,4,1
1531,March,22,0,0
1531,April,22,1,2
1531,May,20,0,3
1531,June,23,4,2
1531,July,21,1,0
1531,August,20,0,1
1531,September,23,4,1
1531,October,24,4,2
1531,November,25,0,0
1531,December,24,1,2
1532,January,21,1,0
1532,February,20,4,1
1532,March,24,2,0
1532,April,20,0,0
1532,May,24,0,1
1532,June,20,4,1
1532,July,21,2,0
1532,August,20,0,0
1532,September,21,1,0
1532,October,26,0,1
1532,November,23,2,2
1532,December,22,3,2
1533,January,22,2,1
1533,February,20,1,3
1533,March,21,0,2
1533,April,20,1,2
1533,May,22,3,0
1533,June,26,4,2
1533,July,20,2,0
1533,August,23,4,1
1533,September,20,2,2
1533,October,24,0,3
1533,November,24,0,3
1533,December,23,3,1
1534,January,21,3,2
1534,February,24,0,0
1534,March,25,0,3
1534,April,23,1,3
1534,May,20,2,0
1534,June,26,0,2
1534,July,26,4,1
1534,August,23,0,0
1534,September,20,3,2
1534,October,20,3,3
1534,November,21,0,0
1534,December,23,0,2
1535,January,21,4,0
1535,February,24,3,0
1535,March,24,4,2
1535,April,26,2,2
1535,May,21,2,1
1535,June,21,0,3
1535,July,23,3,0
1535,August,22,3,0
1535,September,22,3,2
1535,October,21,1,2
1535,November,23,2,0
1535,December,25,2,0
1536,January,20,4,0
1536,February,23,2,0
1536,March,20,2,2
1536,April,26,4,0
1536,May,22,0,1
1536,June,24,3,0
1536,July,26,0,2
1536,August,26,0,1
1536,September,25,3,1
1536,October,21,2,1
1536,November,23,4,0
1536,December,20,4,3
1537,January,25,1,1
1537,February,22,0,2
1537,March,22,1,3
1537,April,22,4,1
1537,May,22,3,0
1537,June,23,4,0
1537,July,23,4,1
1537,August,22,2,1
1537,September,21,1,2
1537,October,22,2,0
1537,November,23,0,1
1537,December,23,0,2
1538,January,25,1,0
1538,February,23,3,2
1538,March,21,3,1
1538,April,21,3,0
1538,May,22,1,3
1538,June,22,3,0
1538,July,26,1,2
1538,August,24,4,1
1538,September,25,0,3
1538,October,23,0,2
1538,November,24,4,3
1538,December,23,1,3
1539,January,21,1,2
1539,February,23,4,0
1539,March,20,0,3
1539,April,26,4,3
1539,May,20,4,1
1539,June,23,4,0
1539,July,22,0,2
1539,August,26,4,2
1539,September,21,0,2
1539,October,22,2,3
1539,November,25,1,0
1539,December,21,2,1
1540,January,24,4,2
1540,February,20,4,2
1540,March,25,4,0
1540,April,22,1,3
1540,May,24,2,2
1540,June,23,4,0
1540,July,22,3,1
1540,August,23,1,2
1540,September,20,1,1
1540,October,25,3,3
1540,November,22,0,0
1540,December,22,2,0
1541,January,25,2,3
1541,February,24,3,1
1541,March,22,3,3
1541,April,26,0,2
1541,May,22,4,1
1541,June,25,4,1
1541,July,20,1,2
1541,August,26,2,1
1541,September,22,1,1
1541,October,21,0,1
1541,November,22,4,2
1541,December,26,1,3
1542,January,24,2,2
1542,February,20,2,3
1542,March,22,0,2
1542,April,22,4,1
1542,May,24,2,0
1542,June,23,1,3
1542,July,20,1,2
1542,August,21,4,0
1542,September,21,1,0
1542,October,21,3,2
1542,November,21,1,0
1542,December,25,4,3
1543,January,23,3,0
1543,February,23,1,0
1543,March,22,3,3
1543,April,21,2,3
1543,May,21,1,1
1543,June,20,4,1
1543,July,23,1,0
1543,August,26,3,1
1543,September,23,2,3
1543,October,24,1,0
1543,November,24,0,3
1543,December,24,1,3
1544,January,24,3,2
1544,February,24,3,0
1544,March,21,3,2
1544,April,20,1,0
1544,May,22,1,0
1544,June,23,4,1
1544,July,23,0,2
1544,August,20,3,0
1544,September,24,1,3
1544,October,23,2,1
1544,November,20,4,1
1544,December,20,1,1
1545,January,24,0,0
1545,February,21,0,0
1545,March,23,3,2
1545,April,25,0,0
1545,May,22,3,2
1545,June,26,0,2
1545,July,26,1,0
1545,August,22,0,2
1545,September,24,2,0
1545,October,26,4,1
1545,November,23,3,1
1545,December,22,4,2
1546,January,25,4,1
1546,February,26,2,0
1546,March,24,4,1
1546,April,25,4,0
1546,May,26,2,3
1546,June,24,4,1
1546,July,23,0,1
1546,August,22,4,0
1546,September,24,2,0
1546,October,22,4,1
1546,November,24,3,1
1546,December,23,2,3
1547,January,22,0,1
1547,February,21,0,2
1547,March,20,2,3
1547,April,25,2,0
1547,May,25,3,1
1547,June,22,0,2
1547,July,23,0,2
1547,August,20,4,3
1547,September,22,0,3
1547,October,26,2,1
1547,November,26,3,2
1547,December,24,4,3
1548,January,21,1,0
1548,February,25,4,0
1548,March,26,0,1
1548,April,24,3,1
1548,May,21,0,2
1548,June,20,0,0
1548,July,20,4,2
1548,August,22,2,2
1548,September,22,3,1
1548,October,25,1,0
1548,November,20,3,3
1548,December,25,0,2
1549,January,26,2,3
1549,February,25,2,3
1549,March,20,0,1
1549,April,22,1,3
1549,May,26,4,1
1549,June,21,4,0
1549,July,26,1,1
1549,August,22,3,3
1549,September,20,2,0
1549,October,21,3,3
1549,November,22,0,0
1549,December,21,0,0
1550,January,25,2,2
1550,February,24,0,1
1550,March,24,1,2
1550,April,25,0,2
1550,May,23,4,0
1550,June,24,0,3
1550,July,23,1,1
1550,August,23,3,2
1550,September,24,2,3
1550,October,26,3,1
1550,November,20,3,1
1550,December,23,3,3
1551,January,22,3,1
1551,February,22,4,2
1551,March,22,2,2
1551,April,24,0,3
1551,May,21,3,3
1551,June,26,3,1
1551,July,21,4,0
1551,August,26,0,2
1551,September,26,4,1
1551,October,23,2,3
1551,November,20,0,0
1551,December,21,1,3
1552,January,26,3,3
1552,February,24,0,1
1552,March,22,3,0
1552,April,25,1,0
1552,May,20,1,1
1552,June,21,1,0
1552,July,20,2,1
1552,August,23,3,2
1552,September,22,3,3
1552,October,23,3,2
1552,November,22,0,0
1552,December,20,0,1
1553,January,24,1,2
1553,February,22,2,0
1553,March,26,4,0
1553,April,25,1,2
1553,May,26,3,3
1553,June,20,0,2
1553,July,26,2,2
1553,August,24,4,1
1553,September,22,1,1
1553,October,22,2,1
1553,November,23,0,2
1553,December,22,4,3
1554,January,22,4,3
1554,February,24,1,2
1554,March,24,2,2
1554,April,23,4,0
1554,May,26,3,0
1554,June,25,3,2
1554,July,25,4,3
1554,August,26,3,1
1554,September,20,4,0
1554,October,26,4,0
1554,November,25,2,3
1554,December,20,0,0
1555,January,23,0,2
1555,February,21,1,1
1555,March,21,4,3
1555,April,20,2,0
1555,May,25,3,1
1555,June,24,2,1
1555,July,24,0,2
1555,August,21,4,2
1555,September,25,3,2
1555,October,23,1,1
1555,November,23,3,0
1555,December,26,0,1
1556,January,20,2,0
1556,February,20,3,1
1556,March,26,4,0
1556,April,22,1,2
1556,May,22,4,3
1556,June,21,2,2
1556,July,26,4,0
1556,August,21,3,3
1556,September,20,4,3
1556,October,22,1,0
1556,November,26,4,2
1556,December,26,1,0
1557,January,20,1,1
1557,February,22,4,0
1557,March,20,2,2
1557,April,26,3,3
1557,May,20,1,2
1557,June,25,1,1
1557,July,20,3,0
1557,August,20,4,0
1557,September,21,0,0
1557,October,23,2,2
1557,November,20,3,0
1557,December,25,2,2
1558,January,24,3,0
1558,February,24,3,1
1558,March,24,1,2
1558,April,24,1,0
1558,May,24,3,0
1558,June,22,2,0
1558,July,22,0,0
1558,August,22,0,1
1558,September,20,0,3
1558,October,26,3,2
1558,November,26,3,2
1558,December,26,1,3
1559,January,24,3,1
1559,February,20,1,1
1559,March,23,3,2
1559,April,26,4,0
1559,May,24,0,0
1559,June,21,2,0
1559,July,24,3,2
1559,August,23,1,0
1559,September,22,4,2
1559,October,25,0,2
1559,November,25,0,0
1559,December,26,4,0
1560,January,23,0,3
1560,February,22,3,2
1560,March,23,4,3
1560,April,25,0,3
1560,May,26,1,0
1560,June,21,0,0
1560,July,23,1,0
1560,August,23,2,3
1560,September,23,0,3
1560,October,26,1,3
1560,November,20,3,1
1560,December,20,2,1
1561,January,23,3,3
1561,February,21,3,0
1561,March,23,0,3
1561,April,22,3,0
1561,May,25,3,1
1561,June,21,1,0
1561,July,23,2,0
1561,August,20,0,2
1561,September,24,1,3
1561,October,22,1,0
1561,November,24,4,1
1561,December,20,1,0
1562,January,20,4,1
1562,February,21,4,1
1562,March,26,1,0
1562,April,25,0,0
1562,May,20,1,3
1562,June,22,3,3
1562,July,22,1,1
1562,August,23,3,2
1562,September,25,4,0
1562,October,23,3,0
1562,November,24,0,1
1562,December,20,1,2
1563,January,20,1,0
1563,February,21,1,3
1563,March,21,4,3
1563,April,20,3,1
1563,May,21,4,2
1563,June,20,2,0
1563,July,21,1,0
1563,August,21,1,0
1563,September,20,2,0
1563,October,20,3,3
1563,November,23,1,0
1563,December,20,1,2
1564,January,20,1,3
1564,February,20,1,1
1564,March,22,4,0
1564,April,25,3,1
1564,May,21,2,3
1564,June,20,2,2
1564,July,24,1,0
1564,August,22,3,3
1564,September,24,1,0
1564,October,25,3,1
1564,November,22,0,3
1564,December,20,3,0
1565,January,26,2,2
1565,February,24,3,2
1565,March,24,1,2
1565,April,24,3,3
1565,May,21,2,0
1565,June,20,3,1
1565,July,21,3,2
1565,August,20,1,0
1565,September,22,2,1
1565,October,22,3,2
1565,November,24,3,0
1565,December,25,3,2
1566,January,24,2,0
1566,February,26,4,0
1566,March,23,0,0
1566,April,20,3,2
1566,May,25,0,0
1566,June,26,3,3
1566,July,20,1,3
1566,August,21,1,2
1566,September,21,4,0
1566,October,20,1,2
1566,November,22,1,3
1566,December,23,2,2
1567,January,23,4,0
1567,February,20,0,1
1567,March,20,3,3
1567,April,23,3,2
1567,May,23,3,0
1567,June,22,0,1
1567,July,23,1,3
1567,August,26,3,1
1567,September,26,4,2
1567,October,23,4,2
1567,November,21,1,1
1567,December,26,0,0
1568,January,21,4,1
1568,February,23,4,1
1568,March,21,1,3
1568,April,20,3,3
1568,May,25,0,3
1568,June,25,1,2
1568,July,23,3,2
1568,August,22,3,1
1568,September,25,2,3
1568,October,21,2,3
1568,November,23,0,0
1568,December,23,4,0
1569,January,24,0,3
1569,February,23,4,2
1569,March,21,4,1
1569,April,22,1,0
1569,May,25,4,3
1569,June,22,4,2
1569,July,21,1,3
1569,August,25,4,1
1569,September,20,4,1
1569,October,25,2,3
1569,November,24,1,0
1569,December,21,1,2
1570,January,24,4,3
1570,February,21,3,2
1570,March,21,4,1
1570,April,22,2,0
1570,May,20,2,1
1570,June,20,2,3
1570,July,26,2,0
1570,August,21,0,0
1570,September,20,2,3
1570,October,24,0,1
1570,November,25,2,0
1570,December,20,4,2
1571,January,24,2,1
1571,February,24,2,2
1571,March,23,4,2
1571,April,20,1,0
1571,May,21,4,1
1571,June,25,4,1
1571,July,22,4,0
1571,August,24,3,3
1571,September,22,0,3
1571,October,24,0,1
1571,November,25,2,3
1571,December,22,3,2
1572,January,23,2,1
1572,February,23,4,3
1572,March,25,1,2
1572,April,23,4,0
1572,May,25,4,1
1572,June,22,4,3
1572,July,20,4,1
1572,August,20,4,0
1572,September,22,0,0
1572,October,26,0,1
1572,November,24,3,0
1572,December,23,0,3
1573,January,22,2,0
1573,February,22,4,0
1573,March,25,1,2
1573,April,21,1,3
1573,May,21,4,3
1573,June,22,4,2
1573,July,23,4,0
1573,August,21,1,1
1573,September,26,0,2
1573,October,24,2,1
1573,November,25,0,3
1573,December,24,2,1
1574,January,26,3,2
1574,February,25,1,0
1574,March,24,3,3
1574,April,25,1,3
1574,May,25,1,3
1574,June,20,3,0
1574,July,22,2,3
1574,August,20,0,3
1574,September,20,1,0
1574,October,22,4,2
1574,November,20,2,0
1574,December,22,3,2
1575,January,26,0,0
1575,February,25,2,1
1575,March,25,4,3
1575,April,21,4,2
1575,May,23,2,1
1575,June,25,2,2
1575,July,21,3,0
1575,August,21,3,2
1575,September,23,0,2
1575,October,23,2,2
1575,November,25,0,0
1575,December,23,2,0
1576,January,24,1,3
1576,February,22,0,2
1576,March,25,3,3
1576,April,22,4,0
1576,May,20,0,2
1576,June,22,4,2
1576,July,25,3,3
1576,August,22,1,2
1576,September,21,4,2
1576,October,25,0,3
1576,November,25,1,1
1576,December,25,0,1
1577,January,26,1,0
1577,February,23,4,2
1577,March,26,2,0
1577,April,21,3,2
1577,May,20,1,3
1577,June,23,0,3
1577,July,26,4,0
1577,August,24,1,3
1577,September,21,4,1
1577,October,26,3,3
1577,November,26,2,3
1577,December,25,4,2
1578,January,24,1,3
1578,February,20,2,1
1578,March,26,3,0
1578,April,23,2,1
1578,May,22,4,0
1578,June,22,0,1
1578,July,26,3,1
1578,August,21,1,3
1578,September,20,2,0
1578,October,20,4,2
1578,November,25,1,0
1578,December,22,0,0
1579,January,23,2,0
1579,February,21,2,2
1579,March,24,2,3
1579,April,24,3,0
1579,May,22,4,1
1579,June,25,2,1
1579,July,24,1,3
1579,August,25,2,0
1579,September,20,2,0
1579,October,25,3,1
1579,November,24,1,1
1579,December,25,4,2
1580,January,24,1,2
1580,February,25,3,2
1580,March,21,0,3
1580,April,24,2,2
1580,May,23,3,2
1580,June,25,1,1
1580,July,24,4,1
1580,August,22,3,2
1580,September,25,0,0
1580,October,26,2,0
1580,November,23,1,2
1580,December,23,1,2
1581,January,24,1,3
1581,February,25,4,3
1581,March,21,4,3
1581,April,22,4,2
1581,May,20,0,2
1581,June,21,4,3
1581,July,20,2,1
1581,August,26,1,2
1581,September,25,3,2
1581,October,21,2,2
1581,November,22,3,1
1581,December,23,1,0
1582,January,20,3,2
1582,February,22,0,3
1582,March,23,3,3
1582,April,21,1,1
1582,May,24,0,0
1582,June,24,0,2
1582,July,21,4,0
1582,August,26,4,3
1582,September,24,3,3
1582,October,22,2,0
1582,November,23,1,0
1582,December,25,2,3
1583,January,20,0,2
1583,February,22,4,2
1583,March,20,2,2
1583,April,22,2,0
1583,May,25,4,2
1583,June,25,1,2
1583,July,23,2,1
1583,August,21,0,0
1583,September,25,2,0
1583,October,22,4,1
1583,November,21,3,3
1583,December,26,4,3
1584,January,23,3,2
1584,February,24,4,1
1584,March,26,1,1
1584,April,20,1,2
1584,May,26,1,2
1584,June,20,1,3
1584,July,22,3,0
1584,August,22,1,0
1584,September,21,3,1
1584,October,20,3,0
1584,November,22,4,3
1584,December,20,2,1
1585,January,20,2,0
1585,February,26,4,1
1585,March,20,1,2
1585,April,20,2,3
1585,May,23,4,2
1585,June,21,4,2
1585,July,24,3,1
1585,August,23,3,2
1585,September,22,3,1
1585,October,25,4,0
1585,November,24,4,1
1585,December,22,0,1
1586,January,20,4,0
1586,February,20,2,1
1586,March,25,0,3
1586,April,21,1,1
1586,May,26,4,0
1586,June,20,3,3
1586,July,24,4,2
1586,August,22,1,0
1586,September,25,4,0
1586,October,25,2,3
1586,November,21,4,0
1586,December,22,4,3
1587,January,25,3,3
1587,February,24,4,0
1587,March,22,0,1
1587,April,22,0,1
1587,May,26,3,0
1587,June,22,4,1
1587,July,21,1,1
1587,August,21,3,2
1587,September,22,2,0
1587,October,22,4,1
1587,November,24,4,1
1587,December,20,4,0
1588,January,21,2,1
1588,February,22,3,2
1588,March,26,4,3
1588,April,24,4,1
1588,May,25,4,2
1588,June,21,2,3
1588,July,26,4,0
1588,August,25,2,3
1588,September,20,2,0
1588,October,25,3,0
1588,November,24,4,1
1588,December,22,4,1
1589,January,24,4,3
1589,February,20,3,0
1589,March,23,3,2
1589,April,23,3,3
1589,May,21,4,1
1589,June,21,4,1
1589,July,21,3,2
1589,August,23,0,0
1589,September,26,1,3
1589,October,25,3,3
1589,November,21,4,0
1589,December,25,2,0
1590,January,23,3,1
1590,February,21,1,0
1590,March,21,1,3
1590,April,26,0,2
1590,May,22,0,1
1590,June,23,2,2
1590,July,20,0,1
1590,August,26,1,1
1590,September,26,2,2
1590,October,23,0,0
1590,November,26,1,0
1590,December,23,3,0
1591,January,23,4,3
1591,February,22,1,0
1591,March,20,0,1
1591,April,20,0,1
1591,May,22,4,2
1591,June,24,1,3
1591,July,24,0,1
1591,August,23,4,3
1591,September,23,0,0
1591,October,24,4,1
1591,November,22,4,2
1591,December,26,0,0
1592,January,24,2,2
1592,February,22,0,1
1592,March,22,3,0
1592,April,21,2,0
1592,May,23,3,1
1592,June,23,3,2
1592,July,20,1,3
1592,August,24,0,1
1592,September,24,0,2
1592,October,25,4,3
1592,November,23,3,2
1592,December,22,3,2
1593,January,23,0,0
1593,February,21,4,1
1593,March,23,2,3
1593,April,20,4,3
1593,May,26,2,2
1593,June,21,2,3
1593,July,24,0,2
1593,August,23,4,0
1593,September,23,3,1
1593,October,24,4,0
1593,November,20,4,1
1593,December,25,4,0
1594,January,24,3,0
1594,February,26,2,1
1594,March,22,3,0
1594,April,26,0,3
1594,May,26,3,1
1594,June,22,4,2
1594,July,22,1,3
1594,August,24,1,2
1594,September,22,1,1
1594,October,22,3,3
1594,November,25,4,0
1594,December,26,1,1
1595,January,20,3,1
1595,February,20,2,3
1595,March,25,2,1
1595,April,26,4,0
1595,May,20,1,3
1595,June,21,2,3
1595,July,21,4,2
1595,August,26,0,2
1595,September,26,2,0
1595,October,24,2,0
1595,November,22,0,1
1595,December,24,1,2
1596,January,20,3,3
1596,February,21,1,2
1596,March,24,3,3
1596,April,26,2,1
1596,May,23,2,3
1596,June,24,4,2
1596,July,24,1,2
1596,August,21,0,1
1596,September,26,3,2
1596,October,20,2,0
1596,November,24,2,2
1596,December,25,0,0
1597,January,21,3,2
1597,February,24,2,2
1597,March,25,3,0
1597,April,21,4,1
1597,May,20,2,3
1597,June,20,4,0
1597,July,22,2,1
1597,August,25,1,0
1597,September,24,1,0
1597,October,26,1,3
1597,November,21,3,0
1597,December,26,0,0
1598,January,26,0,3
1598,February,24,2,2
1598,March,25,2,2
1598,April,24,1,3
1598,May,25,2,0
1598,June,26,2,3
1598,July,24,1,3
1598,August,20,1,1
1598,September,22,0,3
1598,October,26,0,1
1598,November,22,4,2
1598,December,26,4,3
1599,January,23,1,3
1599,February,26,0,2
1599,March,23,3,1
1599,April,22,1,1
1599,May,21,4,1
1599,June,25,2,3
1599,July,24,2,0
1599,August,25,0,3
1599,September,21,0,3
1599,October,23,0,3
1599,November,22,0,3
1599,December,25,3,0
1600,January,21,4,0
1600,February,23,0,3
1600,March,20,0,2
1600,April,22,2,0
1600,May,24,3,2
1600,June,25,2,3
1600,July,24,1,1
1600,August,26,3,2
1600,September,20,2,0
1600,October,26,0,0
1600,November,20,0,0
1600,December,22,4,0
1601,January,25,4,0
1601,February,26,2,1
1601,March,20,2,3
1601,April,20,1,0
1601,May,21,2,1
1601,June,21,2,2
1601,July,22,2,2
1601,August,25,1,3
1601,September,23,4,2
1601,October,24,3,1
1601,November,20,3,0
1601,December,23,3,0
1602,January,26,1,2
1602,February,20,2,1
1602,March,21,2,3
1602,April,21,4,0
1602,May,26,3,2
1602,June,22,2,1
1602,July,26,4,0
1602,August,22,0,1
1602,September,24,0,0
1602,October,23,4,3
1602,November,23,3,2
1602,December,26,1,2
1603,January,22,2,3
1603,February,24,2,2
1603,March,24,3,2
1603,April,24,2,3
1603,May,20,2,1
1603,June,25,2,3
1603,July,23,3,2
1603,August,26,2,3
1603,September,20,1,1
1603,October,22,2,1
1603,November,25,1,3
1603,December,20,3,2
1604,January,21,4,1
1604,February,22,4,3
1604,March,22,0,1
1604,April,25,3,0
1604,May,23,2,3
1604,June,22,2,1
1604,July,23,1,1
1604,August,26,0,1
1604,September,25,2,3
1604,October,20,4,0
1604,November,23,2,0
1604,December,25,1,3
1605,January,20,1,1
1605,February,25,2,0
1605,March,25,2,3
1605,April,20,1,1
1605,May,25,1,3
1605,June,25,0,1
1605,July,23,3,0
1605,August,24,1,0
1605,September,26,4,1
1605,October,26,0,3
1605,November,25,0,1
1605,December,24,2,3
1606,January,24,2,3
1606,February,20,4,2
1606,March,21,2,2
1606,April,20,2,3
1606,May,21,4,3
1606,June,22,3,3
1606,July,22,1,0
1606,August,23,2,2
1606,September,20,2,1
1606,October,23,2,3
1606,November,26,2,2
1606,December,26,3,0
1607,January,22,1,2
1607,February,25,4,3
1607,March,26,4,1
1607,April,26,1,1
1607,May,23,0,0
1607,June,23,0,0
1607,July,20,4,2
1607,August,26,4,3
1607,September,23,3,0
1607,October,24,1,3
1607,November,21,1,1
1607,December,22,4,0
1608,January,25,1,1
1608,February,24,3,2
1608,March,21,1,3
1608,April,24,4,0
1608,May,25,2,1
1608,June,21,0,2
1608,July,22,0,0
1608,August,21,3,2
1608,September,21,1,1
1608,October,23,0,1
1608,November,22,1,1
1608,December,21,0,2
1609,January,25,3,2
1609,February,21,2,1
1609,March,26,3,1
1609,April,23,1,1
1609,May,20,4,3
1609,June,23,4,3
1609,July,22,2,1
1609,August,26,4,1
1609,September,25,1,0
1609,October,21,2,0
1609,November,20,0,2
1609,December,22,4,2
1610,January,20,4,2
1610,February,23,4,0
1610,March,20,1,2
1610,April,23,0,1
1610,May,26,4,0
1610,June,25,2,3
1610,July,23,1,0
1610,August,23,3,2
1610,September,23,4,3
1610,October,21,4,1
1610,November,25,3,2
1610,December,22,2,2
1611,January,23,2,2
1611,February,24,3,1
1611,March,21,3,3
1611,April,22,1,3
1611,May,26,2,1
1611,June,26,1,1
1611,July,26,2,2
1611,August,22,3,0
1611,September,20,0,1
1611,October,20,3,1
1611,November,24,3,0
1611,December,24,2,2
1612,January,24,4,3
1612,February,24,4,2
1612,March,24,3,2
1612,April,22,3,1
1612,May,26,4,2
1612,June,25,4,0
1612,July,26,4,1
1612,August,22,1,3
1612,September,24,3,1
1612,October,23,0,2
1612,November,24,3,0
1612,December,24,3,2
1613,January,23,3,1
1613,February,26,4,3
1613,March,24,4,3
1613,April,25,0,3
1613,May,22,4,1
1613,June,26,1,0
1613,July,23,3,3
1613,August,24,1,2
1613,September,26,3,3
1613,October,26,4,1
1613,November,21,1,2
1613,December,25,2,1
1614,January,26,1,0
1614,February,21,2,3
1614,March,24,3,2
1614,April,24,0,2
1614,May,25,3,3
1614,June,23,1,2
1614,July,25,2,3
1614,August,21,0,1
1614,September,21,4,1
1614,October,23,1,2
1614,November,26,4,3
1614,December,25,4,3
1615,January,25,0,3
1615,February,20,2,0
1615,March,24,3,3
1615,April,23,1,1
1615,May,22,0,0
1615,June,26,2,2
1615,July,25,1,3
1615,August,21,2,3
1615,September,20,4,2
1615,October,25,3,2
1615,November,21,0,1
1615,December,23,4,3
1616,January,20,1,3
1616,February,21,2,0
1616,March,24,4,2
1616,April,21,3,1
1616,May,22,3,1
1616,June,20,4,2
1616,July,25,2,2
1616,August,26,4,3
1616,September,20,3,1
1616,October,24,3,1
1616,November,25,2,1
1616,December,22,3,0
1617,January,24,1,3
1617,February,21,0,0
1617,March,25,2,0
1617,April,23,3,2
1617,May,21,1,2
1617,June,22,1,2
1617,July,21,1,0
1617,August,23,2,2
1617,September,20,3,2
1617,October,25,4,2
1617,November,22,2,1
1617,December,22,4,2
1618,January,21,0,2
1618,February,21,2,0
1618,March,24,3,2
1618,April,20,4,3
1618,May,21,1,2
1618,June,21,2,1
1618,July,23,4,3
1618,August,20,3,2
1618,September,22,0,0
1618,October,20,2,3
1618,November,20,2,0
1618,December,26,3,0
1619,January,23,0,2
1619,February,22,0,0
1619,March,22,2,0
1619,April,24,3,2
1619,May,24,2,0
1619,June,23,3,1
1619,July,20,1,0
1619,August,20,2,3
1619,September,22,2,3
1619,October,23,2,1
1619,November,24,4,0
1619,December,24,3,2
1620,January,23,1,1
1620,February,21,4,2
1620,March,24,0,3
1620,April,25,0,2
1620,May,24,3,0
1620,June,23,0,3
1620,July,20,4,2
1620,August,20,3,0
1620,September,25,0,1
1620,October,26,0,2
1620,November,23,1,1
1620,December,25,1,1
1621,January,24,4,2
1621,February,25,2,2
1621,March,21,0,2
1621,April,25,3,1
1621,May,24,0,1
1621,June,24,4,0
1621,July,21,4,3
1621,August,26,0,2
1621,September,22,0,0
1621,October,21,4,3
1621,November,24,3,1
1621,December,21,1,2
1622,January,21,2,1
1622,February,26,4,2
1622,March,25,1,0
1622,April,23,4,3
1622,May,20,0,2
1622,June,20,2,3
1622,July,24,2,3
1622,August,24,3,0
1622,September,23,1,0
1622,October,26,3,0
1622,November,23,0,0
1622,December,22,0,0
1623,January,25,1,2
1623,February,20,2,3
1623,March,22,0,2
1623,April,25,0,3
1623,May,23,0,0
1623,June,23,4,2
1623,July,22,0,1
1623,August,24,0,3
1623,September,23,0,2
1623,October,24,0,1
1623,November,26,3,1
1623,December,23,0,2
1624,January,21,0,3
1624,February,22,4,3
1624,March,25,2,1
1624,April,24,1,2
1624,May,20,4,0
1624,June,21,0,2
1624,July,24,2,3
1624,August,23,3,1
1624,September,22,3,0
1624,October,26,3,0
1624,November,24,1,3
1624,December,25,4,1
1625,January,26,2,2
1625,February,25,4,2
1625,March,20,4,3
1625,April,20,2,3
1625,May,25,0,2
1625,June,20,2,0
1625,July,25,2,0
1625,August,26,1,1
1625,September,26,2,1
1625,October,25,3,0
1625,November,26,0,2
1625,December,25,2,0
1626,January,21,4,2
1626,February,26,0,2
1626,March,21,0,0
1626,April,22,1,2
1626,May,26,2,3
1626,June,22,3,3
1626,July,23,0,0
1626,August,21,3,0
1626,September,25,0,1
1626,October,20,3,3
1626,November,25,3,3
1626,December,23,3,2
1627,January,25,1,1
1627,February,22,3,1
1627,March,23,4,1
1627,April,24,3,0
1627,May,21,1,3
1627,June,25,2,3
1627,July,23,4,0
1627,August,24,0,0
1627,September,23,3,1
1627,October,21,3,0
1627,November,20,2,0
1627,December,23,2,3
1628,January,21,3,0
1628,February,25,4,2
1628,March,21,2,0
1628,April,22,0,2
1628,May,26,4,2
1628,June,24,1,2
1628,July,22,2,1
1628,August,21,4,2
1628,September,23,1,0
1628,October,20,2,1
1628,November,24,4,1
1628,December,22,4,1
1629,January,21,1,2
1629,February,26,2,2
1629,March,26,4,2
1629,April,23,1,2
1629,May,26,1,2
1629,June,20,2,1
1629,July,21,4,3
1629,August,21,0,2
1629,September,24,0,3
1629,October,23,1,0
1629,November,24,1,0
1629,December,22,4,2
1630,January,26,1,2
1630,February,23,1,2
1630,March,23,3,1
1630,April,20,2,2
1630,May,21,2,2
1630,June,22,1,1
1630,July,23,1,3
1630,August,23,2,3
1630,September,24,0,0
1630,October,20,4,1
1630,November,26,2,0
1630,December,25,1,1
1631,January,21,0,1
1631,February,20,3,1
1631,March,23,1,0
1631,April,22,2,3
1631,May,23,3,1
1631,June,25,1,0
1631,July,26,3,2
1631,August,22,0,2
1631,September,20,4,3
1631,October,21,2,1
1631,November,26,4,0
1631,December,25,4,0
1632,January,26,1,3
1632,February,25,3,0
1632,March,21,4,1
1632,April,20,4,1
1632,May,24,2,2
1632,June,26,4,1
1632,July,24,4,3
1632,August,23,2,3
1632,September,23,0,0
1632,October,20,2,2
1632,November,24,2,0
1632,December,24,0,0
1633,January,26,3,0
1633,February,24,3,3
1633,March,26,1,0
1633,April,25,3,2
1633,May,21,4,0
1633,June,26,0,1
1633,July,21,0,2
1633,August,20,0,3
1633,September,24,2,1
1633,October,25,2,0
1633,November,26,0,2
1633,December,20,2,2
1634,January,23,1,0
1634,February,24,4,3
1634,March,24,3,2
1634,April,20,1,3
1634,May,20,4,2
1634,June,25,1,1
1634,July,23,2,1
1634,August,21,2,0
1634,September,23,1,2
1634,October,24,0,0
1634,November,25,1,1
1634,December,26,4,1
1635,January,23,2,2
1635,February,23,4,3
1635,March,24,3,0
1635,April,26,2,1
1635,May,25,4,0
1635,June,26,1,0
1635,July,22,2,0
1635,August,20,0,2
1635,September,23,2,2
1635,October,25,1,0
1635,November,22,0,3
1635,December,21,4,0
1636,January,26,0,0
1636,February,21,0,0
1636,March,22,0,3
1636,April,24,4,2
1636,May,26,0,1
1636,June,26,0,3
1636,July,26,1,2
1636,August,23,2,2
1636,September,20,2,1
1636,October,20,3,3
1636,November,24,1,1
1636,December,21,4,2
1637,January,25,1,0
1637,February,24,0,0
1637,March,22,0,0
1637,April,21,4,0
1637,May,20,1,0
1637,June,20,0,1
1637,July,22,3,1
1637,August,21,3,0
1637,September,20,4,3
1637,October,26,0,0
1637,November,23,0,0
1637,December,25,2,3
1638,January,22,3,2
1638,February,21,0,2
1638,March,24,0,0
1638,April,25,3,3
1638,May,22,3,2
1638,June,20,3,1
1638,July,24,4,0
1638,August,25,4,0
1638,September,24,2,2
1638,October,24,0,2
1638,November,23,2,3
1638,December,23,2,0
1639,January,23,2,3
1639,February,25,3,2
1639,March,25,4,1
1639,April,25,4,1
1639,May,24,3,3
1639,June,21,1,3
1639,July,22,1,1
1639,August,23,1,2
1639,September,26,1,2
1639,October,22,0,1
1639,November,22,3,0
1639,December,24,1,2
1640,January,20,2,1
1640,February,20,0,1
1640,March,26,1,3
1640,April,25,1,0
1640,May,21,4,1
1640,June,24,1,1
1640,July,21,2,2
1640,August,24,0,3
1640,September,22,3,1
1640,October,25,0,3
1640,November,22,2,1
1640,December,22,4,0
1641,January,24,0,3
1641,February,21,3,1
1641,March,20,3,0
1641,April,25,4,1
1641,May,25,2,3
1641,June,21,4,3
1641,July,20,4,0
1641,August,22,3,0
1641,September,23,0,2
1641,October,26,4,1
1641,November,25,4,1
1641,December,21,1,0
1642,January,21,1,3
1642,February,23,1,0
1642,March,26,4,3
1642,April,25,0,3
1642,May,23,2,0
1642,June,23,0,0
1642,July,24,1,1
1642,August,24,4,0
1642,September,26,3,1
1642,October,23,0,1
1642,November,26,2,2
1642,December,25,1,2
1643,January,21,2,0
1643,February,26,2,0
1643,March,23,1,1
1643,April,25,4,0
1643,May,26,2,0
1643,June,26,2,0
1643,July,20,1,3
1643,August,24,4,1
1643,September,25,2,3
1643,October,21,0,2
1643,November,25,4,3
1643,December,24,4,1
1644,January,23,4,2
1644,February,21,3,0
1644,March,25,2,2
1644,April,24,3,0
1644,May,21,3,1
1644,June,20,3,2
1644,July,26,4,2
1644,August,20,2,2
1644,September,20,4,0
1644,October,24,2,0
1644,November,23,2,2
1644,December,24,4,1
1645,January,23,4,3
1645,February,20,3,0
1645,March,21,3,1
1645,April,26,2,1
1645,May,25,3,0
1645,June,20,1,1
1645,July,25,4,2
1645,August,26,2,2
1645,September,20,2,1
1645,October,21,1,2
1645,November,23,2,0
1645,December,23,1,3
1646,January,25,3,3
1646,February,21,4,2
1646,March,26,1,0
1646,April,21,4,3
1646,May,24,0,2
1646,June,23,1,1
1646,July,26,1,0
1646,August,22,4,2
1646,September,23,0,3
1646,October,22,1,2
1646,November,26,2,2
1646,December,20,1,1
1647,January,22,3,2
1647,February,23,1,2
1647,March,22,3,0
1647,April,21,3,0
1647,May,22,4,3
1647,June,23,2,1
1647,July,26,4,3
1647,August,20,4,2
1647,September,24,4,2
1647,October,22,0,3
1647,November,25,2,3
1647,December,24,2,1
1648,January,25,0,0
1648,February,21,1,2
1648,March,24,1,0
1648,April,23,2,0
1648,May,23,0,2
1648,June,22,0,1
1648,July,21,3,2
1648,August,20,2,3
1648,September,26,3,2
1648,October,22,0,0
1648,November,25,2,2
1648,December,20,2,1
1649,January,21,3,3
1649,February,23,3,2
1649,March,23,0,0
1649,April,20,3,1
1649,May,26,1,0
1649,June,20,3,1
1649,July,26,0,0
1649,August,24,4,1
1649,September,21,3,0
1649,October,25,2,0
1649,November,24,1,0
1649,December,24,0,2
1650,January,24,4,2
1650,February,26,2,0
1650,March,24,3,0
1650,April,22,4,0
1650,May,22,0,1
1650,June,25,0,1
1650,July,24,0,3
1650,August,24,0,3
1650,September,20,2,3
1650,October,21,2,1
1650,November,23,2,3
1650,December,20,0,2
1651,January,22,1,0
1651,February,26,4,1
1651,March,21,0,2
1651,April,21,4,2
1651,May,24,1,2
1651,June,20,2,1
1651,July,26,0,1
1651,August,21,4,3
1651,September,20,0,0
1651,October,26,0,0
1651,November,23,4,1
1651,December,21,4,3
1652,January,20,4,2
1652,February,25,1,0
1652,March,20,3,0
1652,April,25,0,2
1652,May,21,3,1
1652,June,22,0,3
1652,July,25,0,2
1652,August,23,4,2
1652,September,25,2,3
1652,October,20,1,1
1652,November,25,0,1
1652,December,23,0,3
1653,January,25,1,0
1653,February,26,4,3
1653,March,20,0,2
1653,April,20,3,0
1653,May,26,4,0
1653,June,22,3,2
1653,July,24,3,3
1653,August,25,3,2
1653,September,21,4,0
1653,October,20,3,1
1653,November,21,0,2
1653,December,26,3,2
1654,January,21,3,3
1654,February,23,2,2
1654,March,20,1,2
1654,April,26,3,1
1654,May,25,4,2
1654,June,21,1,0
1654,July,24,4,0
1654,August,21,4,2
1654,September,24,4,1
1654,October,20,1,2
1654,November,22,0,1
1654,December,21,3,2
1655,January,22,2,0
1655,February,23,2,0
1655,March,23,0,1
1655,April,24,2,1
1655,May,26,3,3
1655,June,22,1,1
1655,July,20,0,1
1655,August,21,4,2
1655,September,20,3,1
1655,October,24,0,1
1655,November,25,2,1
1655,December,23,2,1
1656,January,20,2,0
1656,February,26,4,2
1656,March,22,4,2
1656,April,21,4,1
1656,May,22,1,2
1656,June,25,3,1
1656,July,22,3,2
1656,August,22,0,0
1656,September,25,4,2
1656,October,23,1,2
1656,November,23,4,3
1656,December,24,3,0
1657,January,21,0,0
1657,February,24,4,1
1657,March,20,2,1
1657,April,22,0,1
1657,May,24,2,1
1657,June,20,3,1
1657,July,22,3,3
1657,August,26,2,0
1657,September,23,3,2
1657,October,25,1,3
1657,November,26,3,0
1657,December,23,0,0
1658,January,24,2,2
1658,February,26,1,1
1658,March,23,0,3
1658,April,25,2,0
1658,May,23,2,2
1658,June,21,3,1
1658,July,22,3,1
1658,August,20,4,2
1658,September,24,0,0
1658,October,21,3,2
1658,November,20,1,3
1658,December,21,4,0
1659,January,22,3,3
1659,February,22,2,0
1659,March,20,3,2
1659,April,22,3,1
1659,May,26,2,2
1659,June,25,4,2
1659,July,26,1,0
1659,August,24,4,2
1659,September,26,0,0
1659,October,21,4,1
1659,November,21,1,0
1659,December,26,0,3
1660,January,20,0,2
1660,February,21,4,3
1660,March,20,3,1
1660,April,26,3,2
1660,May,26,4,0
1660,June,26,2,3
1660,July,23,2,1
1660,August,22,4,0
1660,September,20,3,0
1660,October,24,1,1
1660,November,22,0,1
1660,December,20,2,2
1661,January,20,1,1
1661,February,21,2,1
1661,March,22,2,3
1661,April,25,1,2
1661,May,25,3,1
1661,June,25,4,3
1661,July,20,0,1
1661,August,26,0,0
1661,September,25,1,2
1661,October,25,1,3
1661,November,24,3,3
1661,December,23,0,0
1662,January,22,3,1
1662,February,21,1,2
1662,March,24,3,2
1662,April,25,2,2
1662,May,25,3,0
1662,June,20,2,2
1662,July,25,4,1
1662,August,24,3,1
1662,September,26,4,0
1662,October,22,3,2
1662,November,26,1,0
1662,December,22,2,3
1663,January,26,3,0
1663,February,24,4,0
1663,March,25,1,0
1663,April,20,4,3
1663,May,26,3,3
1663,June,25,4,3
1663,July,22,2,0
1663,August,24,4,2
1663,September,21,3,3
1663,October,20,3,2
1663,November,25,3,0
1663,December,22,3,3
1664,January,20,3,0
1664,February,22,1,3
1664,March,20,3,3
1664,April,21,1,0
1664,May,21,3,3
1664,June,20,3,1
1664,July,25,4,0
1664,August,21,3,3
1664,September,23,2,3
1664,October,22,2,3
1664,November,25,1,3
1664,December,22,3,2
1665,January,22,3,2
1665,February,25,1,0
1665,March,21,2,2
1665,April,20,3,2
1665,May,24,3,2
1665,June,21,4,2
1665,July,26,1,1
1665,August,26,0,2
1665,September,24,0,2
1665,October,22,2,2
1665,November,20,4,1
1665,December,23,1,0
1666,January,25,2,1
1666,February,21,1,0
1666,March,26,3,3
1666,April,26,1,0
1666,May,24,4,1
1666,June,21,2,0
1666,July,24,2,0
1666,August,26,4,3
1666,September,22,4,3
1666,October,20,3,2
1666,November,22,3,1
1666,December,24,2,3
1667,January,22,4,0
1667,February,22,0,1
1667,March,26,2,1
1667,April,21,2,1
1667,May,26,2,1
1667,June,26,3,0
1667,July,22,4,0
1667,August,20,3,3
1667,September,23,1,3
1667,October,24,3,2
1667,November,24,0,0
1667,December,25,1,2
1668,January,25,2,2
1668,February,25,0,2
1668,March,23,1,2
1668,April,21,0,1
1668,May,26,2,3
1668,June,24,4,0
1668,July,23,4,0
1668,August,26,0,2
1668,September,24,1,1
1668,October,26,2,1
1668,November,22,4,3
1668,December,25,3,3
1669,January,25,0,1
1669,February,24,2,1
1669,March,21,2,3
1669,April,20,2,3
1669,May,26,3,2
1669,June,22,2,3
1669,July,23,4,0
1669,August,21,2,3
1669,September,20,2,2
1669,October,24,4,3
1669,November,26,3,3
1669,December,24,1,2
1670,January,22,1,2
1670,February,21,2,0
1670,March,23,1,0
1670,April,20,3,0
1670,May,26,1,1
1670,June,26,2,3
1670,July,21,4,3
1670,August,21,0,0
1670,September,26,3,1
1670,October,23,2,1
1670,November,22,0,2
1670,December,20,4,2
1671,January,24,4,2
1671,February,21,3,3
1671,March,25,2,1
1671,April,23,3,1
1671,May,25,1,2
1671,June,24,4,2
1671,July,26,3,2
1671,August,21,4,3
1671,September,24,2,0
1671,October,23,4,0
1671,November,25,4,0
1671,December,26,1,0
1672,January,21,3,1
1672,February,20,4,2
1672,March,21,1,2
1672,April,21,1,3
1672,May,24,1,2
1672,June,20,1,1
1672,July,21,0,0
1672,August,23,0,0
1672,September,25,4,0
1672,October,25,2,0
1672,November,24,4,3
1672,December,26,4,3
1673,January,21,3,3
1673,February,22,0,3
1673,March,22,3,3
1673,April,25,4,1
1673,May,23,2,2
1673,June,20,4,2
1673,July,24,2,3
1673,August,23,4,2
1673,September,25,3,2
1673,October,22,0,0
1673,November,25,4,3
1673,December,24,2,1
1674,January,21,3,3
1674,February,20,3,2
1674,March,22,0,3
1674,April,25,1,2
1674,May,22,1,3
1674,June,24,4,2
1674,July,25,1,2
1674,August,20,4,2
1674,September,22,3,1
1674,October,22,0,0
1674,November,26,3,3
1674,December,21,1,0
1675,January,21,3,0
1675,February,25,2,2
1675,March,20,4,2
1675,April,20,0,0
1675,May,25,2,1
1675,June,23,4,0
1675,July,26,2,0
1675,August,25,3,2
1675,September,24,1,0
1675,October,21,3,3
1675,November,21,1,3
1675,December,26,0,0
1676,January,26,1,1
1676,February,24,0,3
1676,March,23,0,3
1676,April,26,4,0
1676,May,26,3,2
1676,June,22,2,2
1676,July,23,1,0
1676,August,26,1,2
1676,September,20,1,3
1676,October,26,2,2
1676,November,24,4,0
1676,December,23,1,1
1677,January,20,3,1
1677,February,21,4,0
1677,March,26,3,1
1677,April,25,2,2
1677,May,23,1,1
1677,June,26,3,2
1677,July,26,2,2
1677,August,20,4,2
1677,September,21,4,1
1677,October,23,1,3
1677,November,20,1,0
1677,December,24,2,1
1678,January,24,2,1
1678,February,25,0,1
1678,March,26,3,3
1678,April,25,3,1
1678,May,20,0,0
1678,June,24,0,3
1678,July,25,4,3
1678,August,21,0,3
1678,September,20,3,0
1678,October,25,4,3
1678,November,22,3,2
1678,December,22,3,0
1679,January,20,3,0
1679,February,21,2,2
1679,March,22,0,1
1679,April,22,4,1
1679,May,24,2,2
1679,June,26,4,1
1679,July,20,1,1
1679,August,24,3,2
1679,September,21,3,2
1679,October,26,1,0
1679,November,21,3,0
1679,December,24,3,1
1680,January,23,2,3
1680,February,21,1,3
1680,March,24,2,2
1680,April,23,1,1
1680,May,25,0,1
1680,June,21,0,3
1680,July,21,4,2
1680,August,23,0,3
1680,September,23,2,2
1680,October,26,0,1
1680,November,23,3,2
1680,December,23,4,3
1681,January,22,2,0
1681,February,25,4,3
1681,March,21,0,3
1681,April,22,3,2
1681,May,25,4,3
1681,June,21,1,3
1681,July,26,3,0
1681,August,22,3,2
1681,September,23,1,2
1681,October,24,3,0
1681,November,21,1,1
1681,December,25,0,1
1682,January,21,2,2
1682,February,21,4,0
1682,March,23,4,1
1682,April,21,0,1
1682,May,25,0,2
1682,June,26,1,2
1682,July,21,2,1
1682,August,24,4,1
1682,September,25,1,3
1682,October,20,2,0
1682,November,20,2,0
1682,December,24,4,3
1683,January,26,3,3
1683,February,25,2,0
1683,March,22,0,1
1683,April,22,4,3
1683,May,26,1,3
1683,June,24,2,3
1683,July,22,0,0
1683,August,23,1,0
1683,September,21,2,3
1683,October,21,2,1
1683,November,26,4,2
1683,December,21,3,3
1684,January,24,2,3
1684,February,22,3,3
1684,March,26,3,1
1684,April,24,1,0
1684,May,24,3,3
1684,June,20,0,1
1684,July,20,1,3
1684,August,26,0,0
1684,September,23,1,0
1684,October,24,0,2
1684,November,20,0,0
1684,December,24,2,0
1685,January,25,2,0
1685,February,20,1,1
1685,March,21,4,0
1685,April,25,2,3
1685,May,24,2,3
1685,June,23,2,3
1685,July,22,3,3
1685,August,26,2,1
1685,September,23,1,0
1685,October,25,2,0
1685,November,26,0,3
1685,December,26,0,0
1686,January,23,3,0
1686,February,24,0,3
1686,March,22,2,2
1686,April,20,1,0
1686,May,25,1,1
1686,June,21,0,1
1686,July,20,2,1
1686,August,25,0,3
1686,September,22,0,2
1686,October,23,0,3
1686,November,25,3,3
1686,December,24,4,3
1687,January,22,1,2
1687,February,26,4,2
1687,March,26,1,3
1687,April,26,3,0
1687,May,26,3,3
1687,June,21,0,2
1687,July,26,2,3
1687,August,20,3,3
1687,September,22,2,1
1687,October,24,4,1
1687,November,20,2,0
1687,December,25,0,2
1688,January,25,1,2
1688,February,22,3,3
1688,March,21,2,2
1688,April,20,1,1
1688,May,20,3,3
1688,June,23,2,3
1688,July,23,4,2
1688,August,23,1,3
1688,September,21,3,3
1688,October,25,1,0
1688,November,20,2,1
1688,December,22,2,0
1689,January,22,4,2
1689,February,26,0,2
1689,March,22,4,1
1689,April,24,4,0
1689,May,23,3,3
1689,June,22,4,1
1689,July,20,4,2
1689,August,20,4,3
1689,September,24,4,3
1689,October,22,2,3
1689,November,26,4,0
1689,December,21,0,2
1690,January,24,4,1
1690,February,21,0,2
1690,March,24,2,0
1690,April,22,2,2
1690,May,21,4,2
1690,June,22,0,2
1690,July,21,4,0
1690,August,23,4,2
1690,September,23,3,1
1690,October,24,2,0
1690,November,23,1,3
1690,December,22,1,3
1691,January,24,2,1
1691,February,23,0,0
1691,March,25,0,2
1691,April,24,4,0
1691,May,26,4,0
1691,June,26,4,2
1691,July,22,3,0
1691,August,21,4,0
1691,September,24,0,0
1691,October,24,2,2
1691,November,21,1,2
1691,December,21,1,2
1692,January,22,0,3
1692,February,20,4,1
1692,March,20,1,2
1692,April,26,1,2
1692,May,24,4,0
1692,June,20,2,0
1692,July,24,2,0
1692,August,24,0,1
1692,September,25,0,3
1692,October,25,3,2
1692,November,22,0,0
1692,December,20,4,3
1693,January,24,0,1
1693,February,24,3,3
1693,March,24,4,0
1693,April,21,1,0
1693,May,24,2,2
1693,June,20,4,2
1693,July,23,2,2
1693,August,25,3,2
1693,September,26,3,3
1693,October,22,2,1
1693,November,20,3,0
1693,December,21,1,3
1694,January,22,2,2
1694,February,21,3,3
1694,March,24,3,1
1694,April,26,1,2
1694,May,24,1,0
1694,June,25,3,0
1694,July,25,4,3
1694,August,22,1,2
1694,September,24,2,3
1694,October,23,1,0
1694,November,25,2,0
1694,December,26,4,1
1695,January,21,1,1
1695,February,26,2,1
1695,March,24,1,2
1695,April,22,2,3
1695,May,25,4,3
1695,June,22,0,3
1695,July,26,3,3
1695,August,21,3,1
1695,September,21,3,0
1695,October,25,0,0
1695,November,26,0,0
1695,December,22,0,3
1696,January,26,4,1
1696,February,25,1,2
1696,March,24,0,0
1696,April,21,4,2
1696,May,25,1,2
1696,June,20,0,1
1696,July,24,4,2
1696,August,23,3,0
1696,September,20,2,3
1696,October,25,2,1
1696,November,23,1,3
1696,December,24,3,1
1697,January,22,1,3
1697,February,22,2,0
1697,March,24,3,0
1697,April,20,3,1
1697,May,20,2,2
1697,June,26,4,2
1697,July,22,1,1
1697,August,26,0,3
1697,September,23,3,1
1697,October,25,1,1
1697,November,21,2,3
1697,December,21,4,1
1698,January,23,1,1
1698,February,20,3,1
1698,March,25,0,1
1698,April,25,1,1
1698,May,25,1,1
1698,June,21,1,2
1698,July,23,4,1
1698,August,25,2,0
1698,September,22,0,3
1698,October,26,4,3
1698,November,25,1,3
1698,December,21,3,3
1699,January,25,4,0
1699,February,23,4,0
1699,March,26,3,2
1699,April,24,3,2
1699,May,22,2,3
1699,June,23,1,0
1699,July,26,0,1
1699,August,23,2,3
1699,September,20,4,2
1699,October,20,2,3
1699,November,21,4,1
1699,December,24,1,2
1700,January,23,0,3
1700,February,20,4,2
1700,March,20,3,3
1700,April,23,2,1
1700,May,25,0,2
1700,June,25,1,3
1700,July,23,2,0
1700,August,22,2,3
1700,September,25,4,2
1700,October,25,2,0
1700,November,24,1,2
1700,December,24,0,3
1701,January,23,4,1
1701,February,21,4,3
1701,March,24,0,2
1701,April,23,4,1
1701,May,23,0,1
1701,June,25,3,1
1701,July,25,4,0
1701,August,20,4,0
1701,September,26,2,1
1701,October,21,0,3
1701,November,24,3,0
1701,December,23,1,3
1702,January,25,3,3
1702,February,23,1,3
1702,March,24,0,2
1702,April,20,4,2
1702,May,23,0,1
1702,June,22,0,2
1702,July,22,2,1
1702,August,22,1,2
1702,September,20,3,0
1702,October,20,0,1
1702,November,23,3,2
1702,December,21,4,0
1703,January,24,2,0
1703,February,23,0,0
1703,March,23,1,3
1703,April,21,3,3
1703,May,21,1,3
1703,June,26,4,0
1703,July,22,1,2
1703,August,22,3,3
1703,September,21,0,2
1703,October,21,1,0
1703,November,25,3,2
1703,December,24,2,3
1704,January,22,3,3
1704,February,20,4,2
1704,March,26,2,3
1704,April,25,4,2
1704,May,24,3,0
1704,June,21,4,2
1704,July,21,3,3
1704,August,21,4,2
1704,September,21,2,3
1704,October,21,0,0
1704,November,26,1,3
1704,December,26,3,2
1705,January,21,4,2
1705,February,24,3,2
1705,March,20,4,3
1705,April,23,0,3
1705,May,25,4,0
1705,June,22,1,1
1705,July,21,1,3
1705,August,22,0,2
1705,September,21,0,3
1705,October,21,3,2
1705,November,22,4,1
1705,December,22,0,3
1706,January,20,1,3
1706,February,24,0,2
1706,March,24,2,1
1706,April,22,0,2
1706,May,23,3,1
1706,June,22,0,2
1706,July,26,4,3
1706,August,24,4,1
1706,September,24,0,3
1706,October,21,4,0
1706,November,25,2,0
1706,December,24,2,1
1707,January,26,4,1
1707,February,23,4,2
1707,March,21,3,0
1707,April,22,2,3
1707,May,21,0,1
1707,June,25,1,1
1707,July,21,1,3
1707,August,24,0,3
1707,September,22,3,3
1707,October,23,1,2
1707,November,20,2,0
1707,December,25,3,1
1708,January,22,4,2
1708,February,26,3,1
1708,March,25,1,1
1708,April,24,2,2
1708,May,24,0,2
1708,June,23,0,2
1708,July,20,3,2
1708,August,26,4,0
1708,September,24,4,0
1708,October,25,0,3
1708,November,21,0,0
1708,December,25,3,1
1709,January,26,4,2
1709,February,22,2,1
1709,March,22,4,3
1709,April,21,4,3
1709,May,25,1,1
1709,June,25,3,1
1709,July,20,3,1
1709,August,26,1,0
1709,September,26,2,1
1709,October,25,0,0
1709,November,26,3,3
1709,December,22,0,1
1710,January,21,3,2
1710,February,25,4,1
1710,March,21,2,3
1710,April,25,1,2
1710,May,20,1,2
1710,June,20,3,0
1710,July,20,0,1
1710,August,26,0,3
1710,September,24,4,0
1710,October,26,0,2
1710,November,25,1,0
1710,December,24,1,2
1711,January,24,0,0
1711,February,22,2,2
1711,March,22,0,2
1711,April,25,4,3
1711,May,26,3,0
1711,June,26,1,0
1711,July,25,3,1
1711,August,23,2,0
1711,September,24,3,3
1711,October,20,1,3
1711,November,24,4,1
1711,December,26,3,3
1712,January,23,3,1
1712,February,24,0,3
1712,March,23,0,1
1712,April,23,0,0
1712,May,22,3,3
1712,June,23,4,0
1712,July,22,1,1
1712,August,24,1,2
1712,September,24,1,0
1712,October,26,4,0
1712,November,20,3,3
1712,December,22,2,1
1713,January,20,2,3
1713,February,22,0,1
1713,March,21,4,1
1713,April,21,1,0
1713,May,26,2,0
1713,June,23,3,2
1713,July,24,1,2
1713,August,23,2,1
1713,September,23,1,2
1713,October,25,0,1
1713,November,21,2,3
1713,December,24,0,2
1714,January,26,3,3
1714,February,24,3,3
1714,March,24,3,1
1714,April,24,3,2
1714,May,24,4,2
1714,June,22,3,0
1714,July,21,1,2
1714,August,20,0,2
1714,September,25,1,1
1714,October,24,3,3
1714,November,24,2,0
1714,December,21,2,2
1715,January,20,4,2
1715,February,25,0,2
1715,March,22,3,2
1715,April,21,4,3
1715,May,22,3,3
1715,June,20,0,1
1715,July,26,2,3
1715,August,22,0,2
1715,September,23,2,2
1715,October,21,2,1
1715,November,23,1,2
1715,December,26,2,2
1716,January,26,2,3
1716,February,23,0,1
1716,March,22,0,2
1716,April,23,0,0
1716,May,22,4,1
1716,June,21,2,1
1716,July,25,0,3
1716,August,26,4,1
1716,September,25,2,3
1716,October,20,3,0
1716,November,24,0,0
1716,December,26,4,2
1717,January,22,0,1
1717,February,26,4,1
1717,March,24,3,3
1717,April,21,1,1
1717,May,24,2,2
1717,June,23,1,1
1717,July,26,1,1
1717,August,20,2,2
1717,September,22,0,2
1717,October,23,0,3
1717,November,24,0,0
1717,December,20,3,2
1718,January,25,3,0
1718,February,23,4,3
1718,March,26,1,2
1718,April,21,2,1
1718,May,26,2,0
1718,June,20,1,0
1718,July,23,3,1
1718,August,23,2,1
1718,September,21,3,1
1718,October,26,2,0
1718,November,23,2,3
1718,December,20,2,2
1719,January,26,4,0
1719,February,26,2,2
1719,March,24,3,0
1719,April,22,0,1
1719,May,24,0,0
1719,June,25,2,1
1719,July,20,2,2
1719,August,21,1,3
1719,September,25,3,0
1719,October,23,3,1
1719,November,20,4,2
1719,December,26,0,1
1720,January,23,1,2
1720,February,21,1,3
1720,March,20,3,0
1720,April,20,1,0
1720,May,22,4,1
1720,June,22,0,1
1720,July,20,2,2
1720,August,20,3,1
1720,September,22,1,3
1720,October,20,3,0
1720,November,24,2,2
1720,December,20,1,3
1721,January,22,3,3
1721,February,25,0,2
1721,March,21,1,0
1721,April,26,2,2
1721,May,22,3,2
1721,June,22,2,3
1721,July,24,1,3
1721,August,21,3,0
1721,September,24,1,2
1721,October,21,1,1
1721,November,24,2,3
1721,December,23,2,3
1722,January,20,2,1
1722,February,26,1,3
1722,March,24,0,3
1722,April,24,4,1
1722,May,21,2,3
1722,June,22,1,2
1722,July,20,3,3
1722,August,24,1,0
1722,September,22,2,3
1722,October,25,2,2
1722,November,26,1,1
1722,December,23,2,2
1723,January,26,2,3
1723,February,22,1,0
1723,March,25,4,1
1723,April,23,3,2
1723,May,26,3,1
1723,June,21,4,2
1723,July,23,1,3
1723,August,20,3,3
1723,September,23,0,1
1723,October,21,4,1
1723,November,22,4,0
1723,December,25,2,0
1724,January,21,3,1
1724,February,23,2,2
1724,March,25,4,2
1724,April,21,0,3
1724,May,20,0,1
1724,June,26,4,0
1724,July,22,4,2
1724,August,23,0,0
1724,September,25,4,2
1724,October,25,0,3
1724,November,24,3,0
1724,December,21,0,3
1725,January,20,0,3
1725,February,20,1,0
1725,March,21,4,0
1725,April,21,3,3
1725,May,26,3,3
1725,June,24,0,3
1725,July,23,2,1
1725,August,23,3,0
1725,September,21,4,3
1725,October,21,4,0
1725,November,20,2,3
1725,December,22,1,3
1726,January,23,2,1
1726,February,26,0,1
1726,March,26,0,2
1726,April,25,4,0
1726,May,24,1,1
1726,June,20,1,3
1726,July,23,1,3
1726,August,24,3,2
1726,September,21,3,3
1726,October,24,2,1
1726,November,22,0,2
1726,December,20,0,2
1727,January,21,3,0
1727,February,20,1,2
1727,March,21,1,1
1727,April,25,3,3
1727,May,20,0,0
1727,June,25,2,2
1727,July,26,1,0
1727,August,25,1,2
1727,September,26,2,0
1727,October,22,0,3
1727,November,21,2,3
1727,December,21,1,0
1728,January,21,2,3
1728,February,25,1,2
1728,March,25,1,2
1728,April,25,1,1
1728,May,20,0,3
1728,June,20,4,0
1728,July,23,2,0
1728,August,24,3,2
1728,September,25,4,1
1728,October,25,4,1
1728,November,26,3,3
1728,December,20,2,1
1729,January,24,1,2
1729,February,26,4,2
1729,March,26,0,2
1729,April,26,3,3
1729,May,20,2,2
1729,June,21,3,1
1729,July,24,4,2
1729,August,23,0,1
1729,September,23,4,0
1729,October,20,1,0
1729,November,20,3,2
1729,December,25,1,0
1730,January,21,4,0
1730,February,23,1,0
1730,March,24,0,1
1730,April,21,1,3
1730,May,24,3,1
1730,June,21,0,0
1730,July,24,4,3
1730,August,20,1,1
1730,September,25,0,2
1730,October,22,3,1
1730,November,23,1,1
1730,December,20,2,2
1731,January,20,1,1
1731,February,24,2,3
1731,March,26,0,2
1731,April,22,4,0
1731,May,24,4,0
1731,June,26,3,1
1731,July,21,4,0
1731,August,20,1,3
1731,September,26,1,1
1731,October,24,0,3
1731,November,25,1,3
1731,December,26,3,2
1732,January,25,0,1
1732,February,20,1,3
1732,March,20,3,2
1732,April,23,0,2
1732,May,23,4,0
1732,June,26,1,3
1732,July,21,4,2
1732,August,24,3,0
1732,September,26,1,0
1732,October,25,2,3
1732,November,20,2,2
1732,December,24,2,3
1733,January,21,2,1
1733,February,24,0,0
1733,March,24,1,1
1733,April,20,0,0
1733,May,22,2,2
1733,June,24,3,2
1733,July,21,1,3
1733,August,26,2,2
1733,September,23,1,2
1733,October,20,1,2
1733,November,23,3,2
1733,December,23,3,0
1734,January,21,4,1
1734,February,26,0,2
1734,March,20,3,0
1734,April,23,3,2
1734,May,21,2,2
1734,June,20,4,1
1734,July,21,1,0
1734,August,20,0,0
1734,September,20,0,1
1734,October,20,1,0
1734,November,24,0,0
1734,December,24,3,2
1735,January,20,4,0
1735,February,22,0,3
1735,March,21,3,3
1735,April,20,1,3
1735,May,25,4,1
1735,June,23,2,2
1735,July,22,4,0
1735,August,20,4,2
1735,September,25,3,3
1735,October,21,0,2
1735,November,21,2,2
1735,December,25,2,2
1736,January,20,1,0
1736,February,23,1,3
1736,March,20,3,1
1736,April,22,1,1
1736,May,24,4,2
1736,June,21,2,1
1736,July,20,4,1
1736,August,22,1,3
1736,September,21,4,1
1736,October,20,1,2
1736,November,23,4,0
1736,December,22,0,0
1737,January,22,0,2
1737,February,25,1,0
1737,March,22,3,1
1737,April,26,0,3
1737,May,26,4,2
1737,June,24,3,3
1737,July,21,4,3
1737,August,23,1,3
1737,September,24,0,1
1737,October,25,1,3
1737,November,24,1,3
1737,December,25,3,0
1738,January,20,0,3
1738,February,21,1,2
1738,March,26,2,2
1738,April,24,4,1
1738,May,21,3,1
1738,June,24,4,0
1738,July,23,0,3
1738,August,23,4,0
1738,September,23,1,2
1738,October,25,0,0
1738,November,24,2,0
1738,December,20,2,2
1739,January,21,3,2
1739,February,24,1,0
1739,March,25,4,1
1739,April,23,1,1
1739,May,21,2,2
1739,June,23,2,0
1739,July,20,4,2
1739,August,26,0,3
1739,September,23,2,1
1739,October,24,1,3
1739,November,26,3,2
1739,December,20,4,1
1740,January,22,0,1
1740,February,20,3,2
1740,March,24,3,3
1740,April,20,1,1
1740,May,26,2,1
1740,June,20,3,0
1740,July,20,1,2
1740,August,22,0,3
1740,September,24,1,0
1740,October,26,0,3
1740,November,26,2,3
1740,December,26,0,1
1741,January,23,2,1
1741,February,26,0,1
1741,March,25,3,3
1741,April,21,1,1
1741,May,20,3,1
1741,June,21,4,0
1741,July,20,3,2
1741,August,24,3,1
1741,September,25,2,1
1741,October,25,4,2
1741,November,25,3,2
1741,December,25,1,0
1742,January,26,2,0
1742,February,23,4,2
1742,March,22,1,1
1742,April,25,3,2
1742,May,23,0,3
1742,June,21,4,2
1742,July,25,3,1
1742,August,23,1,2
1742,September,20,2,1
1742,October,22,1,3
1742,November,22,3,3
1742,December,21,4,3
1743,January,26,4,0
1743,February,23,2,2
1743,March,21,3,2
1743,April,21,2,0
1743,May,26,3,0
1743,June,25,0,2
1743,July,22,2,1
1743,August,26,1,2
1743,September,26,2,1
1743,October,26,4,1
1743,November,23,2,2
1743,December,26,4,1
1744,January,20,1,3
1744,February,20,4,1
1744,March,20,4,3
1744,April,24,2,1
1744,May,22,4,2
1744,June,23,0,3
1744,July,22,0,2
1744,August,22,1,1
1744,September,23,0,0
1744,October,23,4,0
1744,November,25,0,0
1744,December,23,4,2
1745,January,22,0,1
1745,February,22,4,0
1745,March,21,0,3
1745,April,26,0,1
1745,May,25,2,3
1745,June,21,2,0
1745,July,24,4,1
1745,August,22,4,2
1745,September,26,3,0
1745,October,24,0,3
1745,November,23,1,0
1745,December,24,1,3
1746,January,25,1,3
1746,February,21,0,3
1746,March,23,1,1
1746,April,20,3,3
1746,May,25,1,0
1746,June,22,2,3
1746,July,22,0,0
1746,August,26,0,0
1746,September,23,2,1
1746,October,22,2,3
1746,November,26,3,3
1746,December,20,1,0
1747,January,23,4,3
1747,February,20,2,2
1747,March,21,1,3
1747,April,22,3,3
1747,May,26,3,3
1747,June,24,1,0
1747,July,21,1,1
1747,August,25,1,2
1747,September,22,3,1
1747,October,23,2,3
1747,November,20,1,1
1747,December,20,4,1
1748,January,21,0,2
1748,February,25,1,0
1748,March,24,4,2
1748,April,20,4,1
1748,May,21,4,2
1748,June,21,0,0
1748,July,26,0,0
1748,August,22,0,1
1748,September,25,0,2
1748,October,24,4,0
1748,November,21,4,0
1748,December,20,1,2
1749,January,26,4,0
1749,February,23,1,3
1749,March,21,2,3
1749,April,24,2,0
1749,May,25,3,2
1749,June,24,1,2
1749,July,20,3,2
1749,August,24,4,0
1749,September,20,3,1
1749,October,20,3,0
1749,November,26,0,1
1749,December,23,4,1
1750,January,25,4,1
1750,February,25,3,2
1750,March,21,0,3
1750,April,26,1,1
1750,May,23,4,1
1750,June,23,0,0
1750,July,20,3,2
1750,August,24,2,0
1750,September,23,2,1
1750,October,26,3,1
1750,November,25,0,0
1750,December,21,4,2
1751,January,26,4,1
1751,February,26,2,0
1751,March,24,3,3
1751,April,20,2,3
1751,May,22,2,0
1751,June,21,1,2
1751,July,24,3,0
1751,August,26,1,2
1751,September,26,1,2
1751,October,21,1,2
1751,November,21,3,3
1751,December,26,3,0
1752,January,22,0,1
1752,February,22,4,1
1752,March,24,3,1
1752,April,23,0,2
1752,May,22,1,3
1752,June,24,2,0
1752,July,24,3,0
1752,August,25,2,3
1752,September,22,1,3
1752,October,25,1,3
1752,November,21,3,0
1752,December,22,3,1
1753,January,21,3,1
1753,February,26,0,1
1753,March,26,2,0
1753,April,25,2,0
1753,May,20,2,3
1753,June,25,4,2
1753,July,22,4,2
1753,August,20,3,1
1753,September,23,0,1
1753,October,21,1,3
1753,November,21,1,2
1753,December,26,3,0
1754,January,21,2,2
1754,February,20,3,3
1754,March,20,0,2
1754,April,20,4,3
1754,May,26,1,0
1754,June,22,2,0
1754,July,26,1,3
1754,August,25,0,1
1754,September,24,3,0
1754,October,23,3,3
1754,November,20,2,3
1754,December,26,2,3
1755,January,20,2,1
1755,February,26,2,0
1755,March,22,0,0
1755,April,25,4,2
1755,May,21,3,3
1755,June,23,0,0
1755,July,23,4,2
1755,August,25,1,3
1755,September,22,0,2
1755,October,25,4,1
1755,November,26,1,0
1755,December,26,1,1
1756,January,21,0,1
1756,February,20,0,2
1756,March,21,1,1
1756,April,23,1,3
1756,May,26,0,2
1756,June,21,3,2
1756,July,24,1,1
1756,August,26,3,2
1756,September,26,4,2
1756,October,23,0,3
1756,November,24,3,3
1756,December,23,4,1
1757,January,22,2,3
1757,February,24,3,0
1757,March,26,2,0
1757,April,20,3,2
1757,May,24,4,1
1757,June,20,1,0
1757,July,25,0,2
1757,August,23,3,0
1757,September,24,3,1
1757,October,25,0,3
1757,November,26,0,3
1757,December,26,0,1
1758,January,26,1,1
1758,February,26,0,0
1758,March,26,4,3
1758,April,21,1,2
1758,May,20,1,2
1758,June,25,2,1
1758,July,26,1,2
1758,August,21,0,2
1758,September,26,0,3
1758,October,21,0,1
1758,November,23,0,2
1758,December,25,4,0
1759,January,20,4,0
1759,February,24,0,1
1759,March,23,1,3
1759,April,20,1,1
1759,May,23,4,2
1759,June,25,1,2
1759,July,25,2,0
1759,August,25,1,2
1759,September,26,0,1
1759,October,20,2,3
1759,November,20,4,1
1759,December,21,2,2
1760,January,22,1,3
1760,February,25,0,2
1760,March,23,3,3
1760,April,23,1,2
1760,May,24,0,1
1760,June,20,3,0
1760,July,26,4,0
1760,August,23,1,3
1760,September,23,1,3
1760,October,24,1,1
1760,November,23,0,0
1760,December,20,1,2
1761,January,21,3,2
1761,February,23,3,1
1761,March,25,3,1
1761,April,26,4,1
1761,May,23,3,0
1761,June,23,1,0
1761,July,25,2,3
1761,August,21,0,2
1761,September,20,4,1
1761,October,26,4,3
1761,November,25,3,0
1761,December,22,4,2
1762,January,22,4,0
1762,February,25,3,1
1762,March,25,1,2
1762,April,23,3,1
1762,May,21,3,0
1762,June,23,4,2
1762,July,24,3,1
1762,August,23,3,3
1762,September,22,4,2
1762,October,26,0,3
1762,November,26,2,0
1762,December,22,4,3
1763,January,22,2,1
1763,February,26,3,0
1763,March,22,1,1
1763,April,24,3,3
1763,May,21,1,3
1763,June,25,1,1
1763,July,26,3,1
1763,August,26,2,0
1763,September,24,0,0
1763,October,25,1,3
1763,November,20,4,3
1763,December,24,3,0
1764,January,26,0,1
1764,February,20,1,0
1764,March,23,4,1
1764,April,25,3,2
1764,May,26,2,1
1764,June,23,4,3
1764,July,22,0,0
1764,August,21,1,2
1764,September,21,1,2
1764,October,24,4,1
1764,November,26,0,2
1764,December,24,1,3
1765,January,21,1,2
1765,February,21,3,3
1765,March,26,3,1
1765,April,25,1,0
1765,May,23,1,0
1765,June,22,4,0
1765,July,25,4,1
1765,August,26,1,3
1765,September,25,2,0
1765,October,20,3,1
1765,November,25,3,2
1765,December,21,3,0
1766,January,26,4,2
1766,February,24,0,2
1766,March,20,4,2
1766,April,21,0,0
1766,May,23,4,0
1766,June,24,4,0
1766,July,21,3,0
1766,August,23,4,1
1766,September,20,0,2
1766,October,21,4,1
1766,November,24,2,2
1766,December,25,3,0
1767,January,26,2,2
1767,February,24,1,1
1767,March,20,3,3
1767,April,21,0,3
1767,May,20,3,2
1767,June,20,0,1
1767,July,23,1,0
1767,August,20,2,1
1767,September,25,1,2
1767,October,24,2,2
1767,November,23,2,1
1767,December,20,0,0
1768,January,23,2,3
1768,February,23,4,2
1768,March,22,3,1
1768,April,22,2,2
1768,May,22,1,0
1768,June,24,1,1
1768,July,25,1,1
1768,August,22,1,1
1768,September,22,2,2
1768,October,21,0,1
1768,November,25,0,1
1768,December,21,1,1
1769,January,26,0,0
1769,February,25,4,2
1769,March,22,2,0
1769,April,23,2,2
1769,May,23,4,2
1769,June,25,0,3
1769,July,24,1,0
1769,August,20,3,2
1769,September,21,4,3
1769,October,24,3,0
1769,November,26,1,3
1769,December,21,2,2
1770,January,22,0,0
1770,February,25,2,3
1770,March,21,0,3
1770,April,21,3,1
1770,May,20,0,3
1770,June,24,0,0
1770,July,25,4,1
1770,August,23,1,0
1770,September,24,0,0
1770,October,23,2,2
1770,November,23,1,0
1770,December,20,1,1
1771,January,22,0,0
1771,February,25,2,3
1771,March,23,0,2
1771,April,23,0,1
1771,May,24,4,2
1771,June,26,1,1
1771,July,26,0,0
1771,August,26,0,1
1771,September,22,3,1
1771,October,25,0,1
1771,November,21,0,2
1771,December,22,3,2
1772,January,23,1,3
1772,February,24,2,1
1772,March,21,3,2
1772,April,25,0,2
1772,May,22,0,1
1772,June,23,3,1
1772,July,20,3,3
1772,August,25,3,0
1772,September,25,3,1
1772,October,23,0,3
1772,November,20,3,3
1772,December,22,2,3
1773,January,21,1,2
1773,February,25,4,2
1773,March,20,0,0
1773,April,23,3,1
1773,May,22,4,1
1773,June,25,0,3
1773,July,21,1,2
1773,August,21,1,1
1773,September,23,1,1
1773,October,25,3,3
1773,November,22,4,3
1773,December,26,3,1
1774,January,25,4,0
1774,February,24,4,1
1774,March,26,4,0
1774,April,21,3,1
1774,May,26,3,2
1774,June,25,0,3
1774,July,24,3,0
1774,August,21,3,0
1774,September,21,1,2
1774,October,26,2,0
1774,November,23,3,2
1774,December,24,4,2
1775,January,25,4,0
1775,February,22,3,2
1775,March,23,4,2
1775,April,26,3,1
1775,May,26,3,0
1775,June,20,2,2
1775,July,24,3,1
1775,August,24,3,2
1775,September,22,1,3
1775,October,26,2,0
1775,November,26,2,3
1775,December,20,1,1
1776,January,23,4,2
1776,February,25,3,3
1776,March,23,2,2
1776,April,24,4,3
1776,May,26,4,3
1776,June,26,0,2
1776,July,25,4,0
1776,August,21,3,2
1776,September,24,2,2
1776,October,20,4,0
1776,November,25,1,0
1776,December,26,0,3
1777,January,24,0,3
1777,February,21,3,3
1777,March,22,4,2
1777,April,22,1,0
1777,May,22,4,2
1777,June,21,3,2
1777,July,26,0,3
1777,August,24,2,2
1777,September,20,3,3
1777,October,24,0,1
1777,November,26,2,3
1777,December,22,2,2
1778,January,24,1,3
1778,February,25,4,3
1778,March,22,0,3
1778,April,24,4,2
1778,May,25,2,0
1778,June,20,3,2
1778,July,23,1,3
1778,August,21,2,1
1778,September,23,1,0
1778,October,20,4,3
1778,November,24,3,3
1778,December,25,2,1
1779,January,26,0,3
1779,February,22,4,1
1779,March,22,4,3
1779,April,25,1,3
1779,May,25,3,3
1779,June,22,1,2
1779,July,25,3,0
1779,August,25,3,3
1779,September,26,3,1
1779,October,24,4,0
1779,November,20,0,1
1779,December,25,3,2
1780,January,22,2,2
1780,February,25,2,3
1780,March,26,4,3
1780,April,25,2,3
1780,May,23,0,0
1780,June,26,3,1
1780,July,23,1,3
1780,August,20,0,0
1780,September,22,1,3
1780,October,22,3,2
1780,November,23,1,0
1780,December,26,1,1
1781,January,26,2,1
1781,February,25,0,3
1781,March,26,1,2
1781,April,23,1,2
1781,May,25,4,3
1781,June,20,4,3
1781,July,25,1,3
1781,August,20,3,2
1781,September,23,4,3
1781,October,22,2,1
1781,November,23,2,2
1781,December,26,0,2
1782,January,26,1,2
1782,February,21,3,1
1782,March,25,0,3
1782,April,21,0,1
1782,May,25,3,0
1782,June,22,2,2
1782,July,20,4,2
1782,August,22,3,1
1782,September,23,4,0
1782,October,22,3,0
1782,November,21,3,1
1782,December,25,0,2
1783,January,22,1,3
1783,February,20,3,2
1783,March,22,4,0
1783,April,21,0,0
1783,May,20,3,2
1783,June,23,1,2
1783,July,22,1,2
1783,August,20,0,0
1783,September,26,3,1
1783,October,23,1,1
1783,November,26,4,1
1783,December,26,4,3
1784,January,23,4,2
1784,February,20,3,2
1784,March,25,2,0
1784,April,24,0,1
1784,May,20,0,1
1784,June,26,3,1
1784,July,20,2,3
1784,August,21,0,0
1784,September,25,1,3
1784,October,24,3,2
1784,November,23,0,0
1784,December,20,2,3
1785,January,25,0,1
1785,February,22,0,0
1785,March,25,1,2
1785,April,25,4,0
1785,May,25,1,0
1785,June,26,1,1
1785,July,26,1,2
1785,August,25,4,3
1785,September,24,3,0
1785,October,23,0,2
1785,November,26,2,2
1785,December,24,4,1
1786,January,24,0,1
1786,February,26,4,3
1786,March,24,1,2
1786,April,24,3,1
1786,May,20,2,2
1786,June,21,2,1
1786,July,24,0,3
1786,August,25,1,0
1786,September,21,0,1
1786,October,23,3,0
1786,November,25,3,3
1786,December,20,4,2
1787,January,23,3,0
1787,February,23,3,0
1787,March,21,3,2
1787,April,21,3,2
1787,May,26,3,2
1787,June,24,4,3
1787,July,24,2,3
1787,August,23,1,1
1787,September,23,0,3
1787,October,26,4,2
1787,November,24,3,3
1787,December,25,1,3
1788,January,20,3,2
1788,February,20,3,1
1788,March,21,2,0
1788,April,20,1,1
1788,May,23,2,3
1788,June,23,4,1
1788,July,25,1,1
1788,August,23,1,2
1788,September,23,1,1
1788,October,20,2,3
1788,November,23,2,1
1788,December,21,4,1
1789,January,23,2,0
1789,February,26,0,0
1789,March,22,3,2
1789,April,20,0,3
1789,May,25,1,0
1789,June,23,2,0
1789,July,24,4,0
1789,August,26,1,1
1789,September,25,3,1
1789,October,24,4,1
1789,November,25,3,0
1789,December,24,4,0
1790,January,25,1,1
1790,February,25,0,3
1790,March,20,2,3
1790,April,26,4,3
1790,May,24,0,0
1790,June,23,3,2
1790,July,22,3,3
1790,August,21,2,1
1790,September,24,1,0
1790,October,24,1,0
1790,November,21,0,1
1790,December,23,4,1
1791,January,25,0,1
1791,February,26,3,1
1791,March,21,3,3
1791,April,26,1,1
1791,May,21,4,0
1791,June,25,2,3
1791,July,22,4,3
1791,August,22,0,2
1791,September,26,3,3
1791,October,24,3,3
1791,November,25,2,1
1791,December,22,3,2
1792,January,26,3,2
1792,February,22,0,2
1792,March,22,4,1
1792,April,25,3,1
1792,May,26,1,2
1792,June,25,3,0
1792,July,23,2,3
1792,August,20,0,3
1792,September,24,0,0
1792,October,22,0,1
1792,November,25,2,2
1792,December,21,2,1
1793,January,23,0,3
1793,February,26,3,0
1793,March,20,2,1
1793,April,24,1,3
1793,May,24,4,1
1793,June,26,1,1
1793,July,24,4,0
1793,August,21,1,1
1793,September,22,3,3
1793,October,20,2,2
1793,November,23,4,3
1793,December,20,3,3
1794,January,22,3,2
1794,February,24,2,3
1794,March,20,1,2
1794,April,20,3,1
1794,May,24,0,0
1794,June,25,4,2
1794,July,20,2,2
1794,August,22,1,3
1794,September,21,4,1
1794,October,20,0,3
1794,November,20,4,0
1794,December,20,0,2
1795,January,20,3,3
1795,February,23,0,1
1795,March,25,4,3
1795,April,21,2,0
1795,May,25,3,2
1795,June,21,1,3
1795,July,21,0,2
1795,August,25,3,1
1795,September,22,0,3
1795,October,23,2,0
1795,November,22,2,3
1795,December,23,0,1
1796,January,26,1,2
1796,February,25,4,1
1796,March,23,4,2
1796,April,21,1,1
1796,May,22,0,0
1796,June,25,3,0
1796,July,24,4,0
1796,August,21,2,3
1796,September,26,1,3
1796,October,26,2,3
1796,November,20,3,0
1796,December,23,2,3
1797,January,26,0,3
1797,February,26,4,3
1797,March,23,1,0
1797,April,26,2,3
1797,May,21,1,3
1797,June,21,2,2
1797,July,20,3,2
1797,August,21,3,2
1797,September,26,0,3
1797,October,25,0,2
1797,November,26,1,1
1797,December,24,0,3
1798,January,22,2,2
1798,February,24,3,2
1798,March,21,1,0
1798,April,26,3,2
1798,May,21,1,2
1798,June,24,0,1
1798,July,26,1,2
1798,August,21,4,2
1798,September,24,0,2
1798,October,22,3,1
1798,November,21,0,0
1798,December,23,4,3
1799,January,21,2,3
1799,February,25,2,1
1799,March,20,2,1
1799,April,26,4,0
1799,May,22,1,0
1799,June,20,1,1
1799,July,26,4,3
1799,August,20,4,3
1799,September,25,0,0
1799,October,25,4,0
1799,November,22,1,0
1799,December,25,4,3
1800,January,22,0,1
1800,February,24,2,1
1800,March,26,4,3
1800,April,23,2,2
1800,May,20,2,2
1800,June,24,1,3
1800,July,24,3,1
1800,August,20,0,1
1800,September,22,1,0
1800,October,20,3,1
1800,November,26,1,2
1800,December,20,4,1
1801,January,24,4,2
1801,February,21,4,0
1801,March,22,4,2
1801,April,20,1,2
1801,May,24,0,1
1801,June,24,1,1
1801,July,23,0,3
1801,August,26,3,1
1801,September,22,3,2
1801,October,22,4,2
1801,November,22,4,1
1801,December,23,2,0
1802,January,26,1,3
1802,February,24,0,3
1802,March,21,0,1
1802,April,25,1,0
1802,May,21,0,1
1802,June,22,0,1
1802,July,21,2,0
1802,August,24,0,2
1802,September,23,3,2
1802,October,23,1,0
1802,November,21,4,0
1802,December,21,2,3
1803,January,22,2,1
1803,February,20,4,3
1803,March,26,0,1
1803,April,26,3,2
1803,May,21,1,0
1803,June,21,0,3
1803,July,26,0,0
1803,August,23,2,1
1803,September,20,1,1
1803,October,24,3,3
1803,November,26,0,0
1803,December,26,1,1
1804,January,24,1,3
1804,February,23,0,1
1804,March,20,1,1
1804,April,25,3,0
1804,May,20,3,3
1804,June,26,4,2
1804,July,21,4,0
1804,August,26,0,2
1804,September,22,4,0
1804,October,26,1,2
1804,November,22,3,1
1804,December,25,4,3
1805,January,21,4,2
1805,February,22,1,0
1805,March,23,4,0
1805,April,25,0,3
1805,May,22,0,1
1805,June,24,2,2
1805,July,25,4,2
1805,August,24,4,0
1805,September,22,3,3
1805,October,22,1,0
1805,November,23,0,2
1805,December,25,4,2
1806,January,24,1,2
1806,February,23,0,1
1806,March,20,4,3
1806,April,24,4,3
1806,May,25,1,1
1806,June,22,0,2
1806,July,23,2,1
1806,August,22,3,2
1806,September,22,2,3
1806,October,25,2,1
1806,November,24,4,2
1806,December,22,3,0
1807,January,24,3,0
1807,February,24,0,1
1807,March,24,3,3
1807,April,26,0,3
1807,May,25,2,1
1807,June,20,1,0
1807,July,23,0,3
1807,August,20,2,2
1807,September,26,4,3
1807,October,25,1,1
1807,November,24,3,1
1807,December,23,0,3
1808,January,25,1,3
1808,February,24,3,3
1808,March,22,3,2
1808,April,20,3,2
1808,May,22,4,3
1808,June,26,0,1
1808,July,23,2,3
1808,August,25,0,2
1808,September,20,2,2
1808,October,23,3,1
1808,November,24,0,0
1808,December,21,4,1
1809,January,23,2,2
1809,February,24,4,1
1809,March,25,3,0
1809,April,25,0,3
1809,May,23,2,2
1809,June,22,2,3
1809,July,24,2,0
1809,August,26,4,2
1809,September,25,3,0
1809,October,25,4,2
1809,November,20,1,1
1809,December,25,4,2
1810,January,23,2,1
1810,February,24,2,3
1810,March,20,0,3
1810,April,20,0,0
1810,May,23,4,2
1810,June,20,1,0
1810,July,26,4,1
1810,August,26,0,3
1810,September,26,1,0
1810,October,23,0,0
1810,November,23,3,0
1810,December,20,1,3
1811,January,26,0,2
1811,February,24,4,2
1811,March,25,0,2
1811,April,23,1,3
1811,May,22,1,3
1811,June,23,1,1
1811,July,25,3,1
1811,August,23,2,3
1811,September,24,1,2
1811,October,20,4,3
1811,November,25,1,1
1811,December,25,1,3
1812,January,25,0,0
1812,February,24,4,0
1812,March,21,0,3
1812,April,26,0,2
1812,May,22,1,0
1812,June,21,4,2
1812,July,20,2,3
1812,August,21,4,1
1812,September,25,4,2
1812,October,22,4,0
1812,November,20,2,1
1812,December,26,4,2
1813,January,21,3,2
1813,February,20,0,2
1813,March,23,1,0
1813,April,21,3,3
1813,May,23,0,1
1813,June,21,1,1
1813,July,20,3,0
1813,August,23,4,1
1813,September,24,2,2
1813,October,22,3,0
1813,November,22,3,3
1813,December,21,0,1
1814,January,25,2,0
1814,February,22,1,2
1814,March,20,0,0
1814,April,21,2,0
1814,May,25,4,0
1814,June,25,3,1
1814,July,22,3,0
1814,August,21,3,1
1814,September,26,3,3
1814,October,23,4,1
1814,November,21,1,1
1814,December,24,0,3
1815,January,25,2,0
1815,February,21,1,1
1815,March,23,0,2
1815,April,21,1,1
1815,May,26,3,2
1815,June,22,2,1
1815,July,26,0,2
1815,August,20,1,3
1815,September,24,2,0
1815,October,21,1,0
1815,November,24,3,3
1815,December,22,3,1
1816,January,21,0,2
1816,February,20,3,1
1816,March,21,0,1
1816,April,21,2,1
1816,May,23,1,2
1816,June,23,4,3
1816,July,26,2,0
1816,August,21,3,3
1816,September,26,3,2
1816,October,23,0,2
1816,November,26,0,1
1816,December,23,3,0
1817,January,25,1,1
1817,February,21,4,0
1817,March,25,0,1
1817,April,24,3,3
1817,May,23,2,1
1817,June,22,0,1
1817,July,23,4,0
1817,August,24,0,1
1817,September,22,4,0
1817,October,23,0,1
1817,November,26,3,0
1817,December,22,4,0
1818,January,24,1,2
1818,February,21,2,1
1818,March,21,3,2
1818,April,25,0,2
1818,May,20,0,1
1818,June,26,1,1
1818,July,25,2,0
1818,August,25,3,1
1818,September,24,4,1
1818,October,22,4,3
1818,November,23,2,2
1818,December,25,1,1
1819,January,20,4,2
1819,February,21,4,3
1819,March,21,3,2
1819,April,24,2,1
1819,May,22,0,2
1819,June,22,3,3
1819,July,20,1,2
1819,August,20,2,3
1819,September,21,3,1
1819,October,20,3,1
1819,November,24,4,3
1819,December,20,0,1
1820,January,24,3,2
1820,February,23,4,0
1820,March,26,3,1
1820,April,21,1,2
1820,May,25,2,0
1820,June,25,1,1
1820,July,26,3,2
1820,August,23,4,2
1820,September,21,0,1
1820,October,25,1,3
1820,November,21,1,2
1820,December,20,3,3
1821,January,22,3,1
1821,February,23,0,0
1821,March,20,3,1
1821,April,26,4,3
1821,May,24,2,2
1821,June,24,1,1
1821,July,22,4,3
1821,August,25,4,1
1821,September,23,1,0
1821,October,22,1,2
1821,November,24,1,0
1821,December,21,4,2
1822,January,24,4,2
1822,February,22,0,0
1822,March,24,2,3
1822,April,26,2,1
1822,May,25,4,2
1822,June,21,3,3
1822,July,24,0,3
1822,August,22,4,3
1822,September,26,4,0
1822,October,25,1,3
1822,November,24,4,2
1822,December,20,0,3
1823,January,20,2,2
1823,February,22,0,0
1823,March,20,2,3
1823,April,22,1,0
1823,May,22,2,3
1823,June,26,4,3
1823,July,20,0,2
1823,August,21,0,0
1823,September,23,3,2
1823,October,21,2,3
1823,November,21,2,1
1823,December,23,3,1
1824,January,25,3,1
1824,February,20,2,1
1824,March,21,0,1
1824,April,25,2,3
1824,May,24,4,1
1824,June,22,0,2
1824,July,26,2,1
1824,August,20,2,0
1824,September,26,3,2
1824,October,25,2,0
1824,November,23,4,2
1824,December,22,4,3
1825,January,26,0,3
1825,February,23,0,0
1825,March,24,1,3
1825,April,22,3,2
1825,May,22,4,1
1825,June,24,2,3
1825,July,24,3,1
1825,August,25,4,2
1825,September,22,4,3
1825,October,25,4,2
1825,November,20,3,2
1825,December,23,0,3
1826,January,22,0,3
1826,February,25,3,2
1826,March,24,4,3
1826,April,21,1,3
1826,May,21,4,2
1826,June,21,3,2
1826,July,23,3,3
1826,August,23,3,0
1826,September,24,3,0
1826,October,20,0,0
1826,November,23,3,2
1826,December,22,4,1
1827,January,25,1,2
1827,February,22,0,0
1827,March,22,1,1
1827,April,20,0,3
1827,May,25,4,1
1827,June,21,2,2
1827,July,23,0,2
1827,August,22,3,0
1827,September,21,1,0
1827,October,23,0,2
1827,November,23,4,2
1827,December,24,3,1
1828,January,21,2,1
1828,February,23,2,3
1828,March,25,0,1
1828,April,23,3,1
1828,May,23,2,0
1828,June,21,1,2
1828,July,24,0,2
1828,August,26,2,0
1828,September,26,4,0
1828,October,23,4,2
1828,November,21,1,3
1828,December,24,3,0
1829,January,21,2,2
1829,February,24,0,2
1829,March,20,0,1
1829,April,21,1,0
1829,May,20,2,1
1829,June,20,2,3
1829,July,25,0,2
1829,August,21,2,2
1829,September,26,4,0
1829,October,21,4,1
1829,November,23,4,0
1829,December,23,0,2
1830,January,22,3,2
1830,February,21,1,1
1830,March,22,4,1
1830,April,20,0,1
1830,May,21,2,1
1830,June,25,4,3
1830,July,21,4,1
1830,August,21,0,2
1830,September,26,4,0
1830,October,26,4,3
1830,November,20,4,1
1830,December,26,1,2
1831,January,24,0,3
1831,February,26,3,1
1831,March,22,0,2
1831,April,21,0,1
1831,May,21,2,2
1831,June,25,1,0
1831,July,21,4,3
1831,August,24,3,0
1831,September,22,4,1
1831,October,21,1,3
1831,November,24,4,1
1831,December,21,0,3
1832,January,22,3,1
1832,February,20,1,3
1832,March,23,1,2
1832,April,21,3,1
1832,May,20,1,1
1832,June,26,1,0
1832,July,26,1,3
1832,August,25,2,2
1832,September,24,0,0
1832,October,25,4,0
1832,November,26,3,0
1832,December,25,3,1
1833,January,21,1,0
1833,February,24,1,1
1833,March,22,0,2
1833,April,23,4,2
1833,May,25,3,2
1833,June,25,3,1
1833,July,26,3,3
1833,August,26,0,2
1833,September,25,1,1
1833,October,21,3,0
1833,November,21,0,3
1833,December,25,4,0
1834,January,26,1,1
1834,February,21,2,0
1834,March,23,4,1
1834,April,21,4,1
1834,May,20,4,2
1834,June,25,1,3
1834,July,22,1,3
1834,August,20,0,2
1834,September,20,0,2
1834,October,23,3,3
1834,November,26,4,2
1834,December,25,1,3
1835,January,23,0,0
1835,February,24,0,1
1835,March,25,1,3
1835,April,22,1,2
1835,May,26,2,1
1835,June,24,2,3
1835,July,20,4,2
1835,August,20,2,1
1835,September,23,4,3
1835,October,26,1,2
1835,November,26,3,1
1835,December,20,4,2
1836,January,23,4,1
1836,February,23,0,2
1836,March,26,2,1
1836,April,26,0,0
1836,May,25,1,0
1836,June,25,4,3
1836,July,20,2,3
1836,August,26,4,3
1836,September,26,0,0
1836,October,26,0,2
1836,November,22,0,1
1836,December,20,4,2
1837,January,25,3,3
1837,February,26,4,1
1837,March,21,0,3
1837,April,21,4,0
1837,May,26,0,2
1837,June,21,1,2
1837,July,26,3,1
1837,August,20,0,0
1837,September,21,4,1
1837,October,20,2,1
1837,November,20,0,2
1837,December,23,1,3
1838,January,26,4,0
1838,February,26,3,1
1838,March,26,0,0
1838,April,25,1,1
1838,May,21,3,0
1838,June,24,3,0
1838,July,20,1,0
1838,August,25,0,0
1838,September,23,0,0
1838,October,20,2,1
1838,November,24,2,3
1838,December,20,3,0
1839,January,24,4,3
1839,February,24,1,2
1839,March,26,1,1
1839,April,26,2,1
1839,May,21,0,2
1839,June,21,0,3
1839,July,25,2,2
1839,August,26,2,2
1839,September,21,2,1
1839,October,26,2,0
1839,November,25,1,1
1839,December,20,3,1
1840,January,25,1,0
1840,February,22,1,2
1840,March,22,4,1
1840,April,25,2,3
1840,May,23,3,1
1840,June,24,1,0
1840,July,20,1,0
1840,August,21,1,1
1840,September,23,0,0
1840,October,20,2,3
1840,November,26,0,2
1840,December,21,1,0
1841,January,20,0,1
1841,February,22,3,0
1841,March,26,1,2
1841,April,26,4,2
1841,May,25,2,2
1841,June,25,3,3
1841,July,26,0,2
1841,August,26,0,2
1841,September,20,0,2
1841,October,24,0,2
1841,November,25,1,2
1841,December,22,4,0
1842,January,23,1,1
1842,February,21,4,0
1842,March,20,4,1
1842,April,26,1,1
1842,May,22,4,2
1842,June,23,3,0
1842,July,24,0,0
1842,August,23,2,2
1842,September,20,1,3
1842,October,21,2,1
1842,November,23,1,3
1842,December,23,0,1
1843,January,20,1,2
1843,February,25,0,2
1843,March,24,4,1
1843,April,21,4,0
1843,May,24,2,1
1843,June,26,1,2
1843,July,24,2,1
1843,August,26,0,3
1843,September,25,0,3
1843,October,26,4,3
1843,November,26,1,0
1843,December,21,0,3
1844,January,24,1,3
1844,February,23,1,3
1844,March,23,0,2
1844,April,24,3,3
1844,May,23,4,2
1844,June,21,0,2
1844,July,20,3,1
1844,August,26,2,3
1844,September,20,2,0
1844,October,21,3,0
1844,November,24,0,0
1844,December,22,4,0
1845,January,23,3,0
1845,February,24,4,0
1845,March,26,2,1
1845,April,20,1,1
1845,May,21,3,2
1845,June,22,1,2
1845,July,25,0,0
1845,August,22,0,0
1845,September,23,1,2
1845,October,21,4,3
1845,November,24,2,0
1845,December,26,3,0
1846,January,24,1,3
1846,February,22,0,1
1846,March,22,1,3
1846,April,23,0,2
1846,May,22,2,3
1846,June,24,1,0
1846,July,20,2,2
1846,August,21,4,1
1846,September,26,0,3
1846,October,25,1,1
1846,November,20,1,3
1846,December,24,2,2
1847,January,25,4,1
1847,February,22,2,3
1847,March,23,1,2
1847,April,22,1,1
1847,May,21,0,3
1847,June,26,4,1
1847,July,25,4,1
1847,August,21,0,3
1847,September,25,1,3
1847,October,25,4,2
1847,November,22,4,3
1847,December,22,0,1
1848,January,20,2,3
1848,February,20,2,3
1848,March,22,0,2
1848,April,22,1,2
1848,May,20,2,1
1848,June,25,2,2
1848,July,22,0,3
1848,August,25,0,3
1848,September,23,4,3
1848,October,20,4,3
1848,November,20,1,2
1848,December,25,0,0
1849,January,22,2,0
1849,February,22,3,0
1849,March,24,4,3
1849,April,26,2,2
1849,May,23,0,1
1849,June,26,0,1
1849,July,26,2,1
1849,August,21,3,1
1849,September,21,1,3
1849,October,25,1,0
1849,November,25,1,3
1849,December,22,4,3
1850,January,21,3,3
1850,February,20,4,0
1850,March,23,1,3
1850,April,24,3,2
1850,May,22,2,0
1850,June,26,2,2
1850,July,26,3,1
1850,August,22,0,0
1850,September,23,3,3
1850,October,20,0,1
1850,November,21,4,0
1850,December,21,2,3
1851,January,20,1,3
1851,February,25,3,0
1851,March,25,3,2
1851,April,25,3,3
1851,May,22,2,2
1851,June,26,3,3
1851,July,25,1,2
1851,August,21,2,2
1851,September,25,1,3
1851,October,22,0,1
1851,November,20,0,3
1851,December,25,3,3
1852,January,21,3,1
1852,February,20,0,3
1852,March,23,0,3
1852,April,23,1,1
1852,May,21,0,3
1852,June,26,1,2
1852,July,26,2,2
1852,August,20,4,3
1852,September,26,0,2
1852,October,26,2,3
1852,November,22,3,3
1852,December,22,3,0
1853,January,26,4,3
1853,February,25,3,1
1853,March,24,2,3
1853,April,26,1,3
1853,May,25,0,1
1853,June,22,1,0
1853,July,26,3,3
1853,August,20,3,2
1853,September,20,0,1
1853,October,23,0,2
1853,November,26,3,1
1853,December,26,0,0
1854,January,26,1,0
1854,February,23,0,2
1854,March,21,4,0
1854,April,26,0,3
1854,May,23,2,1
1854,June,22,4,1
1854,July,25,3,2
1854,August,20,2,3
1854,September,24,4,1
1854,October,26,2,0
1854,November,25,0,0
1854,December,26,4,1
1855,January,26,2,2
1855,February,26,4,3
1855,March,20,4,3
1855,April,22,3,2
1855,May,21,0,2
1855,June,26,4,1
1855,July,20,2,3
1855,August,21,2,1
1855,September,21,3,2
1855,October,25,2,2
1855,November,26,4,2
1855,December,22,3,3
1856,January,21,3,3
1856,February,25,0,2
1856,March,21,1,2
1856,April,23,4,2
1856,May,23,3,3
1856,June,22,1,2
1856,July,23,1,0
1856,August,22,3,3
1856,September,26,3,0
1856,October,24,4,0
1856,November,20,4,3
1856,December,25,2,2
1857,January,22,4,2
1857,February,22,4,2
1857,March,21,4,2
1857,April,21,1,1
1857,May,24,1,3
1857,June,23,0,1
1857,July,21,0,3
1857,August,24,0,2
1857,September,26,3,2
1857,October,25,2,2
1857,November,25,1,0
1857,December,24,2,3
1858,January,21,2,2
1858,February,22,1,3
1858,March,21,3,3
1858,April,23,1,2
1858,May,25,2,3
1858,June,26,1,2
1858,July,26,2,3
1858,August,20,3,3
1858,September,26,1,2
1858,October,20,1,3
1858,November,26,4,1
1858,December,24,1,3
1859,January,22,2,0
1859,February,23,0,3
1859,March,24,1,1
1859,April,22,4,0
1859,May,24,3,2
1859,June,22,2,0
1859,July,20,4,3
1859,August,22,0,2
1859,September,23,4,1
1859,October,26,4,2
1859,November,21,1,3
1859,December,23,2,0
1860,January,25,2,2
1860,February,22,4,1
1860,March,20,2,3
1860,April,23,4,0
1860,May,23,2,1
1860,June,20,1,1
1860,July,26,2,3
1860,August,23,4,0
1860,September,20,2,2
1860,October,21,4,1
1860,November,21,4,1
1860,December,25,3,1
1861,January,22,0,0
1861,February,21,0,2
1861,March,21,1,1
1861,April,22,4,0
1861,May,20,3,3
1861,June,21,1,3
1861,July,20,0,1
1861,August,20,4,3
1861,September,21,3,0
1861,October,26,1,1
1861,November,21,0,3
1861,December,26,1,1
1862,January,24,4,0
1862,February,21,3,0
1862,March,22,0,3
1862,April,20,1,0
1862,May,21,4,3
1862,June,23,0,2
1862,July,26,2,1
1862,August,25,1,2
1862,September,23,0,3
1862,October,20,0,1
1862,November,25,2,2
1862,December,26,3,2
1863,January,22,4,0
1863,February,24,4,3
1863,March,20,3,0
1863,April,24,2,2
1863,May,25,1,3
1863,June,23,2,3
1863,July,23,3,2
1863,August,20,1,2
1863,September,21,1,0
1863,October,22,4,2
1863,November,24,3,0
1863,December,26,4,0
1864,January,26,0,2
1864,February,26,0,1
1864,March,23,1,1
1864,April,21,4,3
1864,May,26,4,2
1864,June,24,4,3
1864,July,21,4,1
1864,August,21,2,0
1864,September,25,0,1
1864,October,26,4,3
1864,November,22,2,0
1864,December,26,1,2
1865,January,23,2,0
1865,February,24,4,1
1865,March,26,2,0
1865,April,25,1,2
1865,May,26,0,2
1865,June,24,2,3
1865,July,20,2,2
1865,August,24,4,1
1865,September,24,0,0
1865,October,23,1,1
1865,November,21,2,1
1865,December,20,1,2
1866,January,20,3,0
1866,February,20,1,1
1866,March,22,3,3
1866,April,25,4,1
1866,May,20,3,2
1866,June,24,0,1
1866,July,21,3,3
1866,August,25,2,1
1866,September,26,3,3
1866,October,24,0,1
1866,November,21,3,3
1866,December,25,2,1
1867,January,24,3,2
1867,February,24,4,1
1867,March,26,2,3
1867,April,25,0,0
1867,May,25,2,1
1867,June,26,2,0
1867,July,20,1,0
1867,August,26,3,3
1867,September,22,1,1
1867,October,25,2,1
1867,November,26,1,3
1867,December,23,3,0
1868,January,25,3,3
1868,February,23,1,2
1868,March,26,1,3
1868,April,23,1,3
1868,May,23,1,1
1868,June,21,0,0
1868,July,25,4,1
1868,August,24,4,1
1868,September,20,0,1
1868,October,20,1,1
1868,November,26,1,1
1868,December,22,4,2
1869,January,26,0,0
1869,February,26,3,2
1869,March,23,3,1
1869,April,24,0,3
1869,May,26,0,0
1869,June,20,4,3
1869,July,21,4,2
1869,August,21,0,2
1869,September,22,2,1
1869,October,22,4,1
1869,November,26,4,2
1869,December,25,4,2
1870,January,25,3,2
1870,February,22,1,3
1870,March,24,0,2
1870,April,22,1,1
1870,May,22,1,2
1870,June,22,0,2
1870,July,25,3,3
1870,August,25,4,3
1870,September,25,1,0
1870,October,23,1,2
1870,November,24,3,2
1870,December,24,3,1
1871,January,23,3,2
1871,February,20,1,3
1871,March,26,3,0
1871,April,22,1,0
1871,May,23,1,2
1871,June,26,4,2
1871,July,23,3,0
1871,August,24,1,2
1871,September,21,2,2
1871,October,24,2,1
1871,November,22,2,1
1871,December,22,3,3
1872,January,26,4,1
1872,February,23,0,2
1872,March,22,0,0
1872,April,23,0,1
1872,May,21,2,1
1872,June,22,0,0
1872,July,25,4,0
1872,August,25,0,2
1872,September,21,2,2
1872,October,24,3,3
1872,November,25,1,1
1872,December,23,0,2
1873,January,24,3,1
1873,February,21,4,0
1873,March,23,3,3
1873,April,21,2,1
1873,May,23,1,3
1873,June,26,3,2
1873,July,22,3,2
1873,August,26,3,0
1873,September,25,1,2
1873,October,25,3,0
1873,November,26,1,1
1873,December,22,0,2
1874,January,24,0,1
1874,February,22,0,0
1874,March,24,3,0
1874,April,21,3,2
1874,May,24,2,3
1874,June,23,1,1
1874,July,23,1,3
1874,August,20,0,3
1874,September,24,4,3
1874,October,22,1,1
1874,November,22,2,0
1874,December,26,2,1
1875,January,25,2,3
1875,February,25,3,2
1875,March,20,3,1
1875,April,22,0,1
1875,May,21,2,0
1875,June,23,1,0
1875,July,20,3,3
1875,August,23,2,3
1875,September,23,0,3
1875,October,21,1,0
1875,November,22,4,0
1875,December,26,4,3
1876,January,23,4,1
1876,February,22,3,1
1876,March,21,3,2
1876,April,22,3,2
1876,May,25,0,1
1876,June,25,2,1
1876,July,26,4,2
1876,August,20,1,2
1876,September,21,3,1
1876,October,23,3,0
1876,November,24,0,0
1876,December,22,0,3
1877,January,24,2,2
1877,February,21,1,0
1877,March,23,0,2
1877,April,26,0,1
1877,May,20,3,3
1877,June,21,1,1
1877,July,24,1,1
1877,August,22,4,3
1877,September,25,0,0
1877,October,20,3,1
1877,November,21,2,0
1877,December,26,3,2
1878,January,21,1,0
1878,February,25,0,1
1878,March,25,2,2
1878,April,24,1,1
1878,May,26,3,3
1878,June,26,0,2
1878,July,26,0,3
1878,August,25,0,1
1878,September,26,4,1
1878,October,26,0,0
1878,November,22,1,0
1878,December,21,4,1
1879,January,23,2,2
1879,February,21,1,0
1879,March,21,2,3
1879,April,25,4,0
1879,May,25,3,0
1879,June,26,3,1
1879,July,22,3,1
1879,August,25,0,3
1879,September,23,2,2
1879,October,26,2,0
1879,November,22,4,0
1879,December,25,4,0
1880,January,22,3,2
1880,February,23,2,0
1880,March,23,3,3
1880,April,21,2,2
1880,May,24,1,3
1880,June,22,3,2
1880,July,22,2,2
1880,August,25,4,3
1880,September,26,4,2
1880,October,22,1,3
1880,November,21,1,2
1880,December,24,4,3
1881,January,23,1,1
1881,February,22,0,3
1881,March,20,2,3
1881,April,20,1,2
1881,May,22,2,1
1881,June,24,2,1
1881,July,24,4,2
1881,August,20,2,2
1881,September,25,4,0
1881,October,20,4,3
1881,November,20,2,3
1881,December,26,1,2
1882,January,24,4,2
1882,February,24,1,2
1882,March,23,0,3
1882,April,25,2,2
1882,May,22,0,1
1882,June,25,0,2
1882,July,25,0,0
1882,August,20,0,3
1882,September,22,3,3
1882,October,25,3,3
1882,November,24,4,3
1882,December,25,3,2
1883,January,20,0,3
1883,February,21,1,2
1883,March,25,2,2
1883,April,21,2,3
1883,May,24,2,0
1883,June,26,1,3
1883,July,20,3,0
1883,August,22,3,0
1883,September,26,4,2
1883,October,21,0,3
1883,November,25,2,3
1883,December,25,3,3
1884,January,22,4,3
1884,February,26,4,3
1884,March,24,0,3
1884,April,21,3,3
1884,May,20,0,1
1884,June,24,0,0
1884,July,23,0,2
1884,August,24,3,3
1884,September,26,1,0
1884,October,21,1,0
1884,November,22,2,2
1884,December,21,0,2
1885,January,22,2,1
1885,February,21,4,2
1885,March,20,3,1
1885,April,24,4,1
1885,May,21,3,1
1885,June,20,3,0
1885,July,24,4,2
1885,August,23,3,1
1885,September,23,1,0
1885,October,26,2,0
1885,November,20,0,1
1885,December,25,3,2
1886,January,24,1,0
1886,February,22,4,2
1886,March,26,1,3
1886,April,24,2,0
1886,May,23,1,2
1886,June,26,2,3
1886,July,22,2,1
1886,August,22,4,0
1886,September,24,1,1
1886,October,20,2,0
1886,November,25,1,3
1886,December,26,3,0
1887,January,23,4,3
1887,February,20,1,0
1887,March,24,3,2
1887,April,26,4,1
1887,May,20,0,1
1887,June,22,4,2
1887,July,25,2,1
1887,August,23,3,1
1887,September,24,0,3
1887,October,24,4,1
1887,November,25,0,2
1887,December,20,3,3
1888,January,23,2,2
1888,February,26,1,3
1888,March,21,4,0
1888,April,23,4,2
1888,May,25,0,0
1888,June,26,4,0
1888,July,22,4,0
1888,August,20,3,0
1888,September,21,3,3
1888,October,24,3,0
1888,November,21,3,2
1888,December,24,2,0
1889,January,24,1,0
1889,February,24,1,2
1889,March,23,2,3
1889,April,26,3,3
1889,May,23,4,3
1889,June,21,4,1
1889,July,22,0,3
1889,August,24,1,0
1889,September,21,1,3
1889,October,22,3,3
1889,November,25,0,0
1889,December,21,2,1
1890,January,26,0,1
1890,February,25,1,2
1890,March,20,3,3
1890,April,21,4,1
1890,May,25,0,0
1890,June,20,3,1
1890,July,25,1,3
1890,August,26,2,0
1890,September,24,0,2
1890,October,23,1,2
1890,November,23,1,3
1890,December,24,2,3
1891,January,26,4,3
1891,February,24,0,2
1891,March,20,4,0
1891,April,25,2,2
1891,May,23,1,1
1891,June,24,3,3
1891,July,21,4,0
1891,August,24,1,0
1891,September,23,0,1
1891,October,20,4,2
1891,November,21,4,3
1891,December,20,1,1
1892,January,20,3,1
1892,February,22,3,0
1892,March,24,3,3
1892,April,26,0,2
1892,May,20,1,2
1892,June,23,1,0
1892,July,21,0,2
1892,August,25,4,2
1892,September,20,3,1
1892,October,20,1,3
1892,November,25,1,2
1892,December,21,3,2
1893,January,20,3,0
1893,February,26,2,3
1893,March,26,0,2
1893,April,22,0,0
1893,May,22,3,2
1893,June,22,2,2
1893,July,21,0,1
1893,August,24,1,3
1893,September,23,3,0
1893,October,20,3,1
1893,November,22,0,2
1893,December,21,2,2
1894,January,20,0,1
1894,February,20,3,0
1894,March,21,1,3
1894,April,26,2,2
1894,May,23,1,0
1894,June,22,4,0
1894,July,25,1,3
1894,August,23,2,1
1894,September,26,1,0
1894,October,24,0,0
1894,November,25,4,2
1894,December,25,3,0
1895,January,22,0,1
1895,February,24,4,3
1895,March,21,2,3
1895,April,21,1,0
1895,May,24,3,3
1895,June,20,4,2
1895,July,26,0,3
1895,August,26,4,2
1895,September,25,1,1
1895,October,23,2,2
1895,November,20,1,3
1895,December,26,4,0
1896,January,22,3,1
1896,February,21,0,0
1896,March,21,3,1
1896,April,25,1,3
1896,May,23,2,0
1896,June,20,4,3
1896,July,21,1,3
1896,August,25,1,2
1896,September,24,0,3
1896,October,21,3,0
1896,November,26,4,1
1896,December,20,0,0
1897,January,25,1,3
1897,February,24,3,3
1897,March,24,1,2
1897,April,21,4,1
1897,May,21,2,3
1897,June,20,1,0
1897,July,21,2,1
1897,August,21,1,2
1897,September,22,2,2
1897,October,21,1,2
1897,November,21,1,1
1897,December,20,1,3
1898,January,24,0,1
1898,February,22,2,1
1898,March,24,1,3
1898,April,20,0,1
1898,May,24,1,2
1898,June,25,0,3
1898,July,25,3,0
1898,August,25,2,2
1898,September,24,1,0
1898,October,25,1,3
1898,November,25,0,2
1898,December,22,1,0
1899,January,21,4,2
1899,February,22,3,3
1899,March,24,2,0
1899,April,21,0,0
1899,May,26,2,0
1899,June,25,4,1
1899,July,21,4,1
1899,August,26,4,2
1899,September,20,3,3
1899,October,24,4,0
1899,November,22,1,0
1899,December,26,2,0
1900,January,21,1,0
1900,February,20,2,2
1900,March,25,2,1
1900,April,26,4,2
1900,May,24,0,2
1900,June,22,2,3
1900,July,23,3,1
1900,August,20,1,1
1900,September,20,0,0
1900,October,21,4,1
1900,November,26,3,3
1900,December,25,3,1
1901,January,20,1,0
1901,February,22,0,0
1901,March,24,0,2
1901,April,24,1,1
1901,May,22,0,2
1901,June,22,0,1
1901,July,25,4,2
1901,August,21,4,2
1901,September,23,3,2
1901,October,26,4,1
1901,November,21,3,1
1901,December,25,3,0
1902,January,26,1,1
1902,February,23,0,3
1902,March,26,3,3
1902,April,24,1,0
1902,May,26,2,2
1902,June,22,3,0
1902,July,24,4,0
1902,August,21,0,0
1902,September,24,3,0
1902,October,20,2,0
1902,November,23,1,1
1902,December,21,1,0
1903,January,20,3,3
1903,February,25,1,0
1903,March,26,4,0
1903,April,22,2,1
1903,May,26,0,3
1903,June,20,0,2
1903,July,26,2,1
1903,August,23,2,2
1903,September,24,0,3
1903,October,25,0,1
1903,November,23,0,2
1903,December,22,4,0
1904,January,20,1,0
1904,February,20,2,0
1904,March,23,4,1
1904,April,26,0,2
1904,May,22,2,2
1904,June,23,3,1
1904,July,24,0,2
1904,August,22,1,3
1904,September,23,2,1
1904,October,22,0,1
1904,November,24,0,3
1904,December,21,2,3
1905,January,23,3,2
1905,February,22,2,0
1905,March,25,1,2
1905,April,21,1,3
1905,May,24,4,2
1905,June,22,4,0
1905,July,21,3,3
1905,August,23,2,0
1905,September,21,1,0
1905,October,23,0,1
1905,November,24,1,1
1905,December,26,0,0
1906,January,23,0,3
1906,February,21,2,2
1906,March,22,2,3
1906,April,25,3,0
1906,May,26,1,3
1906,June,20,2,1
1906,July,25,0,2
1906,August,24,3,3
1906,September,20,4,2
1906,October,25,3,3
1906,November,21,2,1
1906,December,25,2,3
1907,January,25,2,0
1907,February,23,4,3
1907,March,22,1,0
1907,April,22,2,2
1907,May,26,0,1
1907,June,20,1,3
1907,July,24,2,3
1907,August,20,2,2
1907,September,26,3,2
1907,October,23,0,0
1907,November,21,3,2
1907,December,24,4,2
1908,January,20,0,2
1908,February,25,4,1
1908,March,24,4,2
1908,April,23,3,2
1908,May,25,0,3
1908,June,20,4,3
1908,July,22,1,3
1908,August,20,4,2
1908,September,21,4,3
1908,October,23,2,3
1908,November,21,4,3
1908,December,20,2,3
1909,January,26,1,2
1909,February,20,4,2
1909,March,23,0,0
1909,April,21,3,2
1909,May,21,4,2
1909,June,23,3,2
1909,July,22,3,3
1909,August,24,2,1
1909,September,24,1,1
1909,October,25,4,0
1909,November,22,1,1
1909,December,20,4,3
1910,January,21,0,0
1910,February,22,4,1
1910,March,25,4,1
1910,April,22,2,3
1910,May,24,1,3
1910,June,23,2,1
1910,July,25,1,2
1910,August,26,1,3
1910,September,22,4,2
1910,October,23,4,3
1910,November,25,4,1
1910,December,22,0,0
1911,January,20,4,1
1911,February,24,3,0
1911,March,22,3,3
1911,April,26,4,3
1911,May,24,3,0
1911,June,25,3,0
1911,July,22,4,2
1911,August,21,2,1
1911,September,22,0,3
1911,October,20,0,1
1911,November,26,1,0
1911,December,21,3,2
1912,January,23,1,3
1912,February,21,1,1
1912,March,21,2,2
1912,April,23,0,0
1912,May,26,1,1
1912,June,22,3,1
1912,July,24,3,2
1912,August,26,4,3
1912,September,26,2,0
1912,October,21,4,0
1912,November,25,3,0
1912,December,26,3,0
1913,January,20,1,2
1913,February,23,0,3
1913,March,21,2,0
1913,April,24,4,3
1913,May,21,3,0
1913,June,26,2,2
1913,July,24,4,2
1913,August,21,2,2
1913,September,20,2,2
1913,October,23,3,2
1913,November,22,2,2
1913,December,24,1,2
1914,January,25,2,3
1914,February,25,1,2
1914,March,20,4,2
1914,April,21,4,2
1914,May,23,4,3
1914,June,20,3,3
1914,July,20,3,2
1914,August,23,4,0
1914,September,21,1,0
1914,October,23,2,3
1914,November,22,2,0
1914,December,20,1,3
1915,January,22,0,3
1915,February,26,4,2
1915,March,21,2,0
1915,April,25,4,3
1915,May,20,0,2
1915,June,26,2,1
1915,July,26,2,0
1915,August,22,0,1
1915,September,23,3,3
1915,October,24,3,0
1915,November,22,2,0
1915,December,25,1,2
1916,January,21,0,0
1916,February,26,0,3
1916,March,21,3,2
1916,April,22,0,1
1916,May,25,0,1
1916,June,20,2,3
1916,July,24,1,2
1916,August,26,3,3
1916,September,20,3,1
1916,October,23,2,2
1916,November,23,0,1
1916,December,24,0,2
1917,January,22,4,3
1917,February,26,1,3
1917,March,20,0,3
1917,April,20,4,0
1917,May,23,3,2
1917,June,23,1,1
1917,July,24,4,3
1917,August,25,1,2
1917,September,22,1,1
1917,October,26,1,2
1917,November,24,1,2
1917,December,25,3,2
1918,January,25,4,0
1918,February,24,4,2
1918,March,20,2,2
1918,April,20,3,0
1918,May,24,3,0
1918,June,26,2,0
1918,July,20,3,3
1918,August,20,2,1
1918,September,25,2,0
1918,October,24,3,2
1918,November,25,0,1
1918,December,20,1,3
1919,January,22,1,1
1919,February,23,0,0
1919,March,26,2,2
1919,April,23,3,2
1919,May,23,2,2
1919,June,25,0,0
1919,July,24,2,2
1919,August,24,4,2
1919,September,24,0,0
1919,October,21,1,1
1919,November,21,4,0
1919,December,25,1,1
1920,January,25,4,3
1920,February,22,3,3
1920,March,23,0,0
1920,April,26,3,0
1920,May,24,1,0
1920,June,20,0,0
1920,July,21,0,2
1920,August,21,3,2
1920,September,21,4,3
1920,October,26,3,3
1920,November,24,1,2
1920,December,21,3,0
1921,January,24,1,2
1921,February,23,2,1
1921,March,25,3,1
1921,April,24,0,1
1921,May,24,1,0
1921,June,26,0,3
1921,July,23,1,2
1921,August,21,1,3
1921,September,23,1,1
1921,October,21,1,3
1921,November,26,4,3
1921,December,20,4,3
1922,January,23,1,0
1922,February,23,2,1
1922,March,26,2,2
1922,April,20,1,3
1922,May,22,3,1
1922,June,25,1,2
1922,July,24,4,0
1922,August,20,3,2
1922,September,24,1,1
1922,October,22,2,0
1922,November,22,3,0
1922,December,21,2,1
1923,January,24,1,0
1923,February,26,2,1
1923,March,22,2,1
1923,April,26,1,2
1923,May,20,2,3
1923,June,22,3,1
1923,July,22,4,0
1923,August,21,3,1
1923,September,21,0,0
1923,October,26,4,1
1923,November,26,4,0
1923,December,22,1,3
1924,January,22,0,1
1924,February,20,2,3
1924,March,25,3,3
1924,April,21,0,1
1924,May,24,0,1
1924,June,25,1,0
1924,July,21,1,3
1924,August,21,3,1
1924,September,22,2,2
1924,October,24,2,0
1924,November,23,3,1
1924,December,21,1,0
1925,January,23,0,1
1925,February,21,1,1
1925,March,23,0,3
1925,April,26,1,1
1925,May,21,0,2
1925,June,22,4,1
1925,July,25,2,1
1925,August,20,4,1
1925,September,20,1,1
1925,October,23,4,1
1925,November,24,1,0
1925,December,23,4,1
1926,January,23,4,2
1926,February,25,1,0
1926,March,21,0,1
1926,April,24,0,2
1926,May,23,0,0
1926,June,21,0,3
1926,July,21,1,2
1926,August,22,1,3
1926,September,25,4,2
1926,October,26,0,2
1926,November,21,2,1
1926,December,21,0,3
1927,January,24,2,0
1927,February,23,4,0
1927,March,25,2,3
1927,April,24,2,3
1927,May,25,3,3
1927,June,24,4,0
1927,July,26,2,1
1927,August,24,1,2
1927,September,21,3,3
1927,October,25,2,0
1927,November,22,1,1
1927,December,21,4,3
1928,January,20,3,0
1928,February,20,0,1
1928,March,25,4,3
1928,April,22,1,3
1928,May,20,1,1
1928,June,24,1,0
1928,July,22,3,2
1928,August,23,3,0
1928,September,23,4,1
1928,October,25,0,3
1928,November,24,1,0
1928,December,20,1,1
1929,January,20,3,0
1929,February,22,3,2
1929,March,25,2,1
1929,April,21,1,2
1929,May,25,2,2
1929,June,24,4,1
1929,July,24,4,2
1929,August,21,0,0
1929,September,20,0,3
1929,October,24,2,2
1929,November,21,1,2
1929,December,22,4,2
1930,January,24,2,2
1930,February,20,1,2
1930,March,21,2,2
1930,April,26,1,2
1930,May,24,3,0
1930,June,25,3,2
1930,July,25,4,2
1930,August,26,0,2
1930,September,23,3,1
1930,October,25,1,0
1930,November,21,4,0
1930,December,25,3,0
1931,January,25,1,3
1931,February,22,4,2
1931,March,25,4,2
1931,April,25,2,0
1931,May,21,2,2
1931,June,23,4,1
1931,July,23,0,0
1931,August,23,0,2
1931,September,23,1,3
1931,October,24,3,1
1931,November,25,1,2
1931,December,22,4,3
1932,January,21,1,0
1932,February,24,1,3
1932,March,25,2,0
1932,April,26,3,1
1932,May,23,1,3
1932,June,23,4,1
1932,July,26,3,1
1932,August,25,4,3
1932,September,23,4,2
1932,October,20,0,2
1932,November,23,3,0
1932,December,20,2,3
1933,January,20,1,1
1933,February,20,4,0
1933,March,20,1,1
1933,April,21,4,0
1933,May,23,2,3
1933,June,20,0,3
1933,July,21,4,2
1933,August,24,0,1
1933,September,21,4,2
1933,October,21,4,1
1933,November,23,2,0
1933,December,24,1,2
1934,January,25,2,0
1934,February,20,1,2
1934,March,22,2,2
1934,April,23,4,0
1934,May,20,1,0
1934,June,22,3,3
1934,July,23,0,3
1934,August,22,1,3
1934,September,24,4,3
1934,October,26,1,1
1934,November,22,0,3
1934,December,24,0,1
1935,January,26,2,0
1935,February,21,1,2
1935,March,24,0,0
1935,April,26,3,3
1935,May,21,1,0
1935,June,23,1,3
1935,July,22,2,3
1935,August,23,2,3
1935,September,23,1,3
1935,October,23,3,1
1935,November,23,3,1
1935,December,25,1,3
1936,January,24,1,1
1936,February,24,4,2
1936,March,22,2,3
1936,April,23,4,1
1936,May,22,1,3
1936,June,24,3,1
1936,July,20,2,3
1936,August,25,3,2
1936,September,26,1,1
1936,October,25,2,0
1936,November,24,0,0
1936,December,22,2,1
1937,January,25,0,3
1937,February,21,3,0
1937,March,25,4,3
1937,April,25,1,2
1937,May,20,2,3
1937,June,23,1,2
1937,July,22,2,0
1937,August,24,3,1
1937,September,26,2,3
1937,October,20,1,3
1937,November,20,2,2
1937,December,22,3,1
1938,January,26,0,1
1938,February,23,1,0
1938,March,24,4,3
1938,April,21,0,0
1938,May,24,0,1
1938,June,24,2,3
1938,July,24,2,0
1938,August,24,0,3
1938,September,22,0,3
1938,October,24,3,0
1938,November,22,3,0
1938,December,24,2,3
1939,January,25,2,2
1939,February,21,4,0
1939,March,20,1,0
1939,April,24,0,3
1939,May,21,1,1
1939,June,21,1,2
1939,July,24,0,3
1939,August,22,1,0
1939,September,21,4,2
1939,October,25,2,0
1939,November,26,0,0
1939,December,22,1,0
1940,January,25,0,3
1940,February,21,4,0
1940,March,24,0,0
1940,April,23,2,1
1940,May,24,0,3
1940,June,26,4,2
1940,July,21,3,2
1940,August,24,2,2
1940,September,21,3,2
1940,October,23,0,1
1940,November,24,0,3
1940,December,23,0,2
1941,January,24,0,2
1941,February,25,2,0
1941,March,24,1,1
1941,April,25,0,3
1941,May,21,4,0
1941,June,21,4,0
1941,July,24,1,0
1941,August,21,2,0
1941,September,25,1,0
1941,October,23,1,1
1941,November,23,0,2
1941,December,23,1,3
1942,January,26,1,2
1942,February,26,2,1
1942,March,22,0,1
1942,April,26,4,3
1942,May,22,2,2
1942,June,21,2,2
1942,July,26,0,3
1942,August,26,4,2
1942,September,24,4,3
1942,October,22,0,1
1942,November,26,3,3
1942,December,25,4,2
1943,January,23,4,1
1943,February,22,0,1
1943,March,21,1,2
1943,April,26,4,1
1943,May,24,1,3
1943,June,25,4,3
1943,July,26,3,3
1943,August,20,4,1
1943,September,23,4,3
1943,October,26,3,0
1943,November,24,3,1
1943,December,20,4,2
1944,January,21,4,3
1944,February,25,0,0
1944,March,21,3,1
1944,April,23,4,2
1944,May,25,0,1
1944,June,21,4,0
1944,July,22,1,2
1944,August,21,3,2
1944,September,26,3,2
1944,October,25,2,2
1944,November,24,1,3
1944,December,20,2,2
1945,January,26,3,2
1945,February,20,4,0
1945,March,21,2,0
1945,April,21,0,3
1945,May,23,2,1
1945,June,21,0,3
1945,July,22,4,3
1945,August,21,3,3
1945,September,26,0,0
1945,October,21,1,0
1945,November,21,4,0
1945,December,26,0,3
1946,January,23,3,0
1946,February,22,2,3
1946,March,22,4,1
1946,April,23,0,0
1946,May,23,3,3
1946,June,26,2,0
1946,July,25,4,2
1946,August,26,4,3
1946,September,25,0,2
1946,October,20,4,3
1946,November,26,2,3
1946,December,20,1,3
1947,January,21,0,0
1947,February,23,0,1
1947,March,22,0,1
1947,April,22,2,0
1947,May,21,3,2
1947,June,26,0,1
1947,July,24,4,3
1947,August,24,4,2
1947,September,25,4,0
1947,October,24,1,1
1947,November,21,4,1
1947,December,26,1,1
1948,January,25,0,1
1948,February,26,0,2
1948,March,20,0,0
1948,April,25,0,2
1948,May,20,0,3
1948,June,25,3,3
1948,July,22,3,2
1948,August,25,3,0
1948,September,25,0,0
1948,October,26,4,3
1948,November,26,3,3
1948,December,23,4,2
1949,January,21,1,3
1949,February,26,0,2
1949,March,22,4,2
1949,April,21,1,0
1949,May,21,3,3
1949,June,23,2,0
1949,July,21,4,0
1949,August,24,0,0
1949,September,23,3,2
1949,October,22,1,2
1949,November,21,4,3
1949,December,20,1,1
1950,January,21,1,1
1950,February,20,4,1
1950,March,24,4,0
1950,April,21,3,1
1950,May,26,1,1
1950,June,22,3,2
1950,July,21,4,3
1950,August,20,2,3
1950,September,23,2,0
1950,October,20,2,2
1950,November,22,2,2
1950,December,20,1,0
1951,January,26,3,3
1951,February,25,4,0
1951,March,21,0,3
1951,April,21,3,0
1951,May,23,0,0
1951,June,20,4,0
1951,July,25,1,3
1951,August,20,4,3
1951,September,23,2,0
1951,October,20,1,2
1951,November,24,3,3
1951,December,22,3,2
1952,January,22,1,3
1952,February,23,1,3
1952,March,21,4,2
1952,April,25,0,1
1952,May,21,4,2
1952,June,24,2,2
1952,July,25,4,1
1952,August,20,1,1
1952,September,22,2,3
1952,October,21,0,3
1952,November,20,3,1
1952,December,20,4,3
1953,January,24,1,3
1953,February,25,0,0
1953,March,24,1,2
1953,April,20,1,2
1953,May,25,1,2
1953,June,24,0,2
1953,July,21,3,2
1953,August,20,2,2
1953,September,24,0,0
1953,October,22,2,3
1953,November,24,4,0
1953,December,22,0,2
1954,January,24,4,1
1954,February,26,2,3
1954,March,20,3,3
1954,April,26,1,2
1954,May,24,2,2
1954,June,20,3,2
1954,July,23,1,1
1954,August,26,4,2
1954,September,20,4,3
1954,October,21,3,3
1954,November,23,3,2
1954,December,22,2,0
1955,January,21,2,2
1955,February,24,3,2
1955,March,24,1,0
1955,April,24,2,3
1955,May,23,0,1
1955,June,26,0,3
1955,July,20,3,3
1955,August,24,1,0
1955,September,23,2,2
1955,October,26,0,1
1955,November,26,3,1
1955,December,24,3,2
1956,January,22,4,1
1956,February,24,2,1
1956,March,22,2,1
1956,April,23,2,1
1956,May,24,4,1
1956,June,23,3,2
1956,July,23,4,3
1956,August,20,2,0
1956,September,25,0,0
1956,October,25,2,0
1956,November,22,2,1
1956,December,20,2,0
1957,January,25,2,2
1957,February,20,3,2
1957,March,26,3,3
1957,April,24,0,1
1957,May,26,3,2
1957,June,25,1,3
1957,July,22,1,3
1957,August,23,4,0
1957,September,24,1,1
1957,October,23,0,0
1957,November,22,1,3
1957,December,22,0,1
1958,January,21,2,0
1958,February,25,1,0
1958,March,20,0,1
1958,April,24,0,2
1958,May,21,2,0
1958,June,23,1,2
1958,July,21,3,2
1958,August,25,2,2
1958,September,23,1,0
1958,October,20,1,3
1958,November,26,4,1
1958,December,26,2,0
1959,January,24,4,0
1959,February,22,3,2
1959,March,22,3,2
1959,April,25,1,2
1959,May,22,0,0
1959,June,26,2,1
1959,July,26,1,1
1959,August,23,0,3
1959,September,21,2,2
1959,October,24,2,0
1959,November,24,0,1
1959,December,25,3,3
1960,January,25,3,1
1960,February,23,0,1
1960,March,23,2,1
1960,April,21,2,0
1960,May,26,0,1
1960,June,21,4,3
1960,July,24,0,3
1960,August,24,2,1
1960,September,22,2,2
1960,October,20,2,2
1960,November,22,3,3
1960,December,23,2,0
1961,January,24,4,1
1961,February,22,3,3
1961,March,25,3,2
1961,April,22,1,2
1961,May,26,3,0
1961,June,23,4,3
1961,July,21,1,1
1961,August,23,4,1
1961,September,21,1,0
1961,October,21,1,2
1961,November,23,2,3
1961,December,21,1,0
1962,January,21,3,3
1962,February,20,1,1
1962,March,23,3,3
1962,April,21,4,0
1962,May,21,1,0
1962,June,26,3,2
1962,July,21,0,0
1962,August,26,2,0
1962,September,22,0,3
1962,October,26,1,3
1962,November,20,1,1
1962,December,24,0,2
1963,January,22,3,2
1963,February,20,4,3
1963,March,24,1,0
1963,April,24,0,1
1963,May,22,4,3
1963,June,20,0,0
1963,July,23,0,1
1963,August,25,0,3
1963,September,21,3,3
1963,October,21,2,3
1963,November,26,0,0
1963,December,24,2,1
1964,January,24,1,2
1964,February,21,4,2
1964,March,22,0,3
1964,April,26,4,1
1964,May,26,3,2
1964,June,24,3,0
1964,July,20,0,2
1964,August,26,4,3
1964,September,24,0,0
1964,October,23,2,1
1964,November,26,0,0
1964,December,26,0,1
1965,January,25,3,0
1965,February,21,1,1
1965,March,26,1,2
1965,April,22,1,0
1965,May,24,4,3
1965,June,22,0,0
1965,July,26,0,1
1965,August,20,2,1
1965,September,25,4,0
1965,October,23,2,1
1965,November,22,2,3
1965,December,20,4,1
1966,January,25,1,2
1966,February,21,1,1
1966,March,25,4,3
1966,April,21,3,2
1966,May,20,4,0
1966,June,22,2,3
1966,July,21,4,2
1966,August,23,1,1
1966,September,24,2,2
1966,October,26,1,2
1966,November,24,2,0
1966,December,26,2,0
1967,January,26,4,3
1967,February,26,3,0
1967,March,23,3,1
1967,April,24,0,3
1967,May,26,1,1
1967,June,20,2,0
1967,July,24,1,2
1967,August,20,0,2
1967,September,23,0,3
1967,October,23,0,1
1967,November,20,0,2
1967,December,24,2,3
1968,January,21,2,1
1968,February,25,1,2
1968,March,23,1,0
1968,April,21,2,1
1968,May,23,0,1
1968,June,25,1,1
1968,July,26,0,1
1968,August,24,0,3
1968,September,22,3,0
1968,October,26,1,0
1968,November,20,4,3
1968,December,20,2,2
1969,January,25,1,0
1969,February,25,2,3
1969,March,24,4,1
1969,April,22,0,2
1969,May,21,0,1
1969,June,26,2,1
1969,July,21,0,1
1969,August,23,4,2
1969,September,20,2,0
1969,October,26,1,3
1969,November,24,0,3
1969,December,22,1,2
1970,January,20,2,1
1970,February,22,4,2
1970,March,25,1,3
1970,April,22,3,0
1970,May,25,0,1
1970,June,24,4,3
1970,July,22,4,3
1970,August,23,3,3
1970,September,26,2,3
1970,October,22,3,0
1970,November,24,2,3
1970,December,20,2,0
1971,January,22,0,0
1971,February,23,4,3
1971,March,24,0,0
1971,April,26,4,2
1971,May,20,1,3
1971,June,22,4,2
1971,July,20,0,0
1971,August,22,2,3
1971,September,23,0,1
1971,October,23,3,3
1971,November,23,4,3
1971,December,21,2,0
1972,January,20,3,1
1972,February,26,1,1
1972,March,21,3,3
1972,April,24,4,0
1972,May,26,3,1
1972,June,24,2,3
1972,July,25,0,0
1972,August,26,4,2
1972,September,24,2,2
1972,October,23,3,2
1972,November,23,4,2
1972,December,20,0,2
1973,January,26,4,0
1973,February,26,4,3
1973,March,26,4,1
1973,April,24,4,3
1973,May,21,4,2
1973,June,26,2,2
1973,July,22,2,3
1973,August,25,2,3
1973,September,25,0,2
1973,October,23,0,0
1973,November,23,2,2
1973,December,24,1,1
1974,January,22,3,0
1974,February,23,0,2
1974,March,22,1,0
1974,April,23,3,3
1974,May,24,0,3
1974,June,26,1,0
1974,July,22,2,0
1974,August,24,3,2
1974,September,23,1,3
1974,October,25,3,2
1974,November,26,0,2
1974,December,20,1,2
1975,January,20,0,3
1975,February,25,3,0
1975,March,21,3,1
1975,April,24,0,1
1975,May,23,3,0
1975,June,20,3,3
1975,July,20,1,1
1975,August,21,2,1
1975,September,26,4,2
1975,October,24,1,1
1975,November,22,2,2
1975,December,24,3,2
1976,January,22,0,1
1976,February,25,2,0
1976,March,23,4,2
1976,April,20,2,3
1976,May,26,0,0
1976,June,23,0,0
1976,July,22,0,2
1976,August,26,0,2
1976,September,21,3,2
1976,October,22,0,3
1976,November,20,3,3
1976,December,20,3,1
1977,January,23,2,2
1977,February,25,2,0
1977,March,26,3,1
1977,April,22,3,2
1977,May,25,3,2
1977,June,25,3,3
1977,July,20,3,3
1977,August,22,0,0
1977,September,25,0,0
1977,October,24,1,1
1977,November,23,3,3
1977,December,26,3,2
1978,January,24,3,2
1978,February,25,3,2
1978,March,21,1,1
1978,April,24,1,1
1978,May,20,3,0
1978,June,25,0,1
1978,July,20,1,2
1978,August,20,2,0
1978,September,25,0,0
1978,October,22,3,2
1978,November,22,3,3
1978,December,26,4,2
1979,January,23,3,0
1979,February,23,1,3
1979,March,23,2,1
1979,April,22,4,0
1979,May,25,4,3
1979,June,20,2,3
1979,July,25,3,2
1979,August,24,4,1
1979,September,22,1,2
1979,October,25,2,0
1979,November,20,0,3
1979,December,23,0,1
1980,January,22,1,0
1980,February,25,0,0
1980,March,26,0,3
1980,April,21,3,2
1980,May,26,4,0
1980,June,20,1,1
1980,July,25,1,3
1980,August,26,4,0
1980,September,20,3,3
1980,October,25,1,1
1980,November,23,2,0
1980,December,21,1,2
1981,January,23,3,1
1981,February,20,0,0
1981,March,26,1,2
1981,April,22,2,1
1981,May,21,0,1
1981,June,25,3,3
1981,July,25,3,3
1981,August,24,0,2
1981,September,26,3,3
1981,October,22,0,3
1981,November,20,3,3
1981,December,26,4,3
1982,January,23,0,0
1982,February,22,0,3
1982,March,21,1,3
1982,April,26,3,2
1982,May,21,2,0
1982,June,22,3,1
1982,July,24,2,3
1982,August,24,2,1
1982,September,25,3,2
1982,October,23,2,2
1982,November,21,3,0
1982,December,24,2,2
1983,January,26,4,3
1983,February,25,4,3
1983,March,26,2,3
1983,April,26,3,3
1983,May,20,1,0
1983,June,20,1,2
1983,July,25,4,3
1983,August,21,3,1
1983,September,20,3,1
1983,October,24,4,2
1983,November,24,3,1
1983,December,24,4,0
1984,January,24,4,2
1984,February,20,1,1
1984,March,25,0,2
1984,April,24,0,1
1984,May,22,4,1
1984,June,26,2,1
1984,July,25,0,1
1984,August,25,1,1
1984,September,22,4,2
1984,October,20,1,0
1984,November,21,0,2
1984,December,20,1,2
1985,January,24,3,3
1985,February,24,4,1
1985,March,24,0,3
1985,April,26,0,2
1985,May,21,4,0
1985,June,26,0,1
1985,July,21,0,3
1985,August,25,2,1
1985,September,21,3,3
1985,October,21,1,2
1985,November,22,4,1
1985,December,24,1,2
1986,January,21,1,2
1986,February,24,2,0
1986,March,20,4,0
1986,April,26,1,0
1986,May,24,4,2
1986,June,26,1,1
1986,July,21,2,0
1986,August,25,3,1
1986,September,24,4,1
1986,October,21,0,2
1986,November,26,1,1
1986,December,23,4,1
1987,January,21,3,1
1987,February,20,0,1
1987,March,23,3,0
1987,April,22,0,2
1987,May,26,4,0
1987,June,22,4,1
1987,July,23,3,2
1987,August,20,0,2
1987,September,25,3,0
1987,October,23,1,1
1987,November,23,1,0
1987,December,23,2,3
1988,January,26,1,2
1988,February,21,3,3
1988,March,26,4,2
1988,April,26,2,3
1988,May,20,3,3
1988,June,21,4,1
1988,July,25,1,1
1988,August,23,2,3
1988,September,24,4,0
1988,October,24,0,0
1988,November,20,3,1
1988,December,23,3,0
1989,January,24,2,0
1989,February,20,0,3
1989,March,21,3,0
1989,April,24,3,0
1989,May,24,1,1
1989,June,23,3,2
1989,July,21,1,0
1989,August,26,1,1
1989,September,21,4,3
1989,October,23,3,2
1989,November,23,2,0
1989,December,26,0,1
1990,January,26,3,0
1990,February,21,1,1
1990,March,24,0,2
1990,April,25,4,3
1990,May,25,0,2
1990,June,24,2,2
1990,July,26,1,2
1990,August,23,3,3
1990,September,22,3,2
1990,October,20,4,2
1990,November,24,4,3
1990,December,26,0,2
1991,January,20,1,1
1991,February,20,0,3
1991,March,22,4,2
1991,April,20,3,2
1991,May,24,1,2
1991,June,26,4,3
1991,July,22,4,2
1991,August,23,4,1
1991,September,26,1,1
1991,October,26,0,2
1991,November,20,1,0
1991,December,21,0,3
1992,January,20,4,0
1992,February,23,4,0
1992,March,26,4,3
1992,April,24,4,2
1992,May,26,2,0
1992,June,25,3,3
1992,July,23,4,0
1992,August,24,2,2
1992,September,26,1,2
1992,October,26,0,1
1992,November,26,1,3
1992,December,20,3,0
1993,January,23,4,2
1993,February,23,4,2
1993,March,24,4,1
1993,April,25,1,3
1993,May,20,3,0
1993,June,26,2,0
1993,July,20,2,0
1993,August,26,1,3
1993,September,26,4,1
1993,October,24,1,0
1993,November,21,2,0
1993,December,21,4,3
1994,January,22,1,1
1994,February,21,0,0
1994,March,26,3,3
1994,April,26,0,2
1994,May,23,2,1
1994,June,22,3,2
1994,July,23,0,2
1994,August,23,2,3
1994,September,26,0,3
1994,October,22,3,1
1994,November,20,4,2
1994,December,26,4,0
1995,January,26,4,3
1995,February,23,0,2
1995,March,23,1,0
1995,April,20,0,3
1995,May,21,4,3
1995,June,23,1,0
1995,July,22,0,2
1995,August,22,2,2
1995,September,26,0,3
1995,October,21,1,2
1995,November,21,4,1
1995,December,21,0,0
1996,January,26,3,2
1996,February,23,0,0
1996,March,21,1,1
1996,April,20,1,1
1996,May,20,1,2
1996,June,21,0,1
1996,July,20,4,0
1996,August,25,1,3
1996,September,22,4,3
1996,October,22,2,2
1996,November,23,1,2
1996,December,23,2,2
1997,January,23,3,0
1997,February,22,4,3
1997,March,25,2,2
1997,April,26,1,2
1997,May,22,4,3
1997,June,23,2,3
1997,July,23,3,0
1997,August,25,2,3
1997,September,20,0,1
1997,October,25,1,1
1997,November,22,4,0
1997,December,20,3,2
1998,January,24,0,0
1998,February,21,3,2
1998,March,22,2,0
1998,April,24,2,1
1998,May,23,3,2
1998,June,21,0,1
1998,July,20,3,3
1998,August,24,4,2
1998,September,23,0,2
1998,October,24,0,2
1998,November,21,4,1
1998,December,23,2,2
1999,January,21,2,1
1999,February,21,0,0
1999,March,25,3,1
1999,April,23,4,1
1999,May,26,3,1
1999,June,20,2,1
1999,July,26,4,0
1999,August,26,1,0
1999,September,24,1,0
1999,October,23,1,2
1999,November,24,3,3
1999,December,20,2,0
2000,January,24,0,3
2000,February,26,4,0
2000,March,25,1,3
2000,April,22,0,0
2000,May,25,4,0
2000,June,22,0,2
2000,July,26,2,2
2000,August,20,1,1
2000,September,21,1,1
2000,October,26,2,2
2000,November,25,4,1
2000,December,21,1,0
